Workbook

Sheet Takip Tablosu
A1: Sırala: | B1: Haftalık Sıra | C1: ◀ seçince tablo o sıraya göre dizilir
A3: Fon Kodu | B3: Günlük Sıra | C3: Haftalık Sıra | D3: Aylık Sıra | E3: Yılbaşına Göre | F3: Yıllık Sıra | G3: Kat. Toplam | H3: Kategori
A4: =INDEX(VeriTakip!A$2:A$15,MATCH(SMALL(VeriTakip!$J$2:$J$15,ROW()-3),VeriTakip!$J$2:$J$15,0)) -> BIS | B4: =INDEX(VeriTakip!B$2:B$15,MATCH(SMALL(VeriTakip!$J$2:$J$15,ROW()-3),VeriTakip!$J$2:$J$15,0)) -> 27 | C4: =INDEX(VeriTakip!C$2:C$15,MATCH(SMALL(VeriTakip!$J$2:$J$15,ROW()-3),VeriTakip!$J$2:$J$15,0)) -> 1 | D4: =INDEX(VeriTakip!D$2:D$15,MATCH(SMALL(VeriTakip!$J$2:$J$15,ROW()-3),VeriTakip!$J$2:$J$15,0)) -> 2 | E4: =INDEX(VeriTakip!E$2:E$15,MATCH(SMALL(VeriTakip!$J$2:$J$15,ROW()-3),VeriTakip!$J$2:$J$15,0)) -> 1 | F4: =INDEX(VeriTakip!F$2:F$15,MATCH(SMALL(VeriTakip!$J$2:$J$15,ROW()-3),VeriTakip!$J$2:$J$15,0)) -> 2 | G4: =INDEX(VeriTakip!G$2:G$15,MATCH(SMALL(VeriTakip!$J$2:$J$15,ROW()-3),VeriTakip!$J$2:$J$15,0)) -> 27 | H4: =INDEX(VeriTakip!H$2:H$15,MATCH(SMALL(VeriTakip!$J$2:$J$15,ROW()-3),VeriTakip!$J$2:$J$15,0)) -> Döviz
A5: =INDEX(VeriTakip!A$2:A$15,MATCH(SMALL(VeriTakip!$J$2:$J$15,ROW()-3),VeriTakip!$J$2:$J$15,0)) -> SPR | B5: =INDEX(VeriTakip!B$2:B$15,MATCH(SMALL(VeriTakip!$J$2:$J$15,ROW()-3),VeriTakip!$J$2:$J$15,0)) -> 1 | C5: =INDEX(VeriTakip!C$2:C$15,MATCH(SMALL(VeriTakip!$J$2:$J$15,ROW()-3),VeriTakip!$J$2:$J$15,0)) -> 1 | D5: =INDEX(VeriTakip!D$2:D$15,MATCH(SMALL(VeriTakip!$J$2:$J$15,ROW()-3),VeriTakip!$J$2:$J$15,0)) -> 10 | E5: =INDEX(VeriTakip!E$2:E$15,MATCH(SMALL(VeriTakip!$J$2:$J$15,ROW()-3),VeriTakip!$J$2:$J$15,0)) -> 57 | F5: =INDEX(VeriTakip!F$2:F$15,MATCH(SMALL(VeriTakip!$J$2:$J$15,ROW()-3),VeriTakip!$J$2:$J$15,0)) -> 55 | G5: =INDEX(VeriTakip!G$2:G$15,MATCH(SMALL(VeriTakip!$J$2:$J$15,ROW()-3),VeriTakip!$J$2:$J$15,0)) -> 58 | H5: =INDEX(VeriTakip!H$2:H$15,MATCH(SMALL(VeriTakip!$J$2:$J$15,ROW()-3),VeriTakip!$J$2:$J$15,0)) -> Tüm Teknoloji
A6: =INDEX(VeriTakip!A$2:A$15,MATCH(SMALL(VeriTakip!$J$2:$J$15,ROW()-3),VeriTakip!$J$2:$J$15,0)) -> BVZ | B6: =INDEX(VeriTakip!B$2:B$15,MATCH(SMALL(VeriTakip!$J$2:$J$15,ROW()-3),VeriTakip!$J$2:$J$15,0)) -> 5 | C6: =INDEX(VeriTakip!C$2:C$15,MATCH(SMALL(VeriTakip!$J$2:$J$15,ROW()-3),VeriTakip!$J$2:$J$15,0)) -> 2 | D6: =INDEX(VeriTakip!D$2:D$15,MATCH(SMALL(VeriTakip!$J$2:$J$15,ROW()-3),VeriTakip!$J$2:$J$15,0)) -> 4 | E6: =INDEX(VeriTakip!E$2:E$15,MATCH(SMALL(VeriTakip!$J$2:$J$15,ROW()-3),VeriTakip!$J$2:$J$15,0)) -> 4 | F6: =INDEX(VeriTakip!F$2:F$15,MATCH(SMALL(VeriTakip!$J$2:$J$15,ROW()-3),VeriTakip!$J$2:$J$15,0)) -> 5 | G6: =INDEX(VeriTakip!G$2:G$15,MATCH(SMALL(VeriTakip!$J$2:$J$15,ROW()-3),VeriTakip!$J$2:$J$15,0)) -> 13 | H6: =INDEX(VeriTakip!H$2:H$15,MATCH(SMALL(VeriTakip!$J$2:$J$15,ROW()-3),VeriTakip!$J$2:$J$15,0)) -> Arbitraj
A7: =INDEX(VeriTakip!A$2:A$15,MATCH(SMALL(VeriTakip!$J$2:$J$15,ROW()-3),VeriTakip!$J$2:$J$15,0)) -> BTE | B7: =INDEX(VeriTakip!B$2:B$15,MATCH(SMALL(VeriTakip!$J$2:$J$15,ROW()-3),VeriTakip!$J$2:$J$15,0)) -> 2 | C7: =INDEX(VeriTakip!C$2:C$15,MATCH(SMALL(VeriTakip!$J$2:$J$15,ROW()-3),VeriTakip!$J$2:$J$15,0)) -> 2 | D7: =INDEX(VeriTakip!D$2:D$15,MATCH(SMALL(VeriTakip!$J$2:$J$15,ROW()-3),VeriTakip!$J$2:$J$15,0)) -> 1 | E7: =INDEX(VeriTakip!E$2:E$15,MATCH(SMALL(VeriTakip!$J$2:$J$15,ROW()-3),VeriTakip!$J$2:$J$15,0)) -> 1 | F7: =INDEX(VeriTakip!F$2:F$15,MATCH(SMALL(VeriTakip!$J$2:$J$15,ROW()-3),VeriTakip!$J$2:$J$15,0)) -> 1 | G7: =INDEX(VeriTakip!G$2:G$15,MATCH(SMALL(VeriTakip!$J$2:$J$15,ROW()-3),VeriTakip!$J$2:$J$15,0)) -> 2 | H7: =INDEX(VeriTakip!H$2:H$15,MATCH(SMALL(VeriTakip!$J$2:$J$15,ROW()-3),VeriTakip!$J$2:$J$15,0)) -> Oyun
A8: =INDEX(VeriTakip!A$2:A$15,MATCH(SMALL(VeriTakip!$J$2:$J$15,ROW()-3),VeriTakip!$J$2:$J$15,0)) -> BSD | B8: =INDEX(VeriTakip!B$2:B$15,MATCH(SMALL(VeriTakip!$J$2:$J$15,ROW()-3),VeriTakip!$J$2:$J$15,0)) -> 25 | C8: =INDEX(VeriTakip!C$2:C$15,MATCH(SMALL(VeriTakip!$J$2:$J$15,ROW()-3),VeriTakip!$J$2:$J$15,0)) -> 3 | D8: =INDEX(VeriTakip!D$2:D$15,MATCH(SMALL(VeriTakip!$J$2:$J$15,ROW()-3),VeriTakip!$J$2:$J$15,0)) -> 4 | E8: =INDEX(VeriTakip!E$2:E$15,MATCH(SMALL(VeriTakip!$J$2:$J$15,ROW()-3),VeriTakip!$J$2:$J$15,0)) -> 3 | F8: =INDEX(VeriTakip!F$2:F$15,MATCH(SMALL(VeriTakip!$J$2:$J$15,ROW()-3),VeriTakip!$J$2:$J$15,0)) -> - | G8: =INDEX(VeriTakip!G$2:G$15,MATCH(SMALL(VeriTakip!$J$2:$J$15,ROW()-3),VeriTakip!$J$2:$J$15,0)) -> 27 | H8: =INDEX(VeriTakip!H$2:H$15,MATCH(SMALL(VeriTakip!$J$2:$J$15,ROW()-3),VeriTakip!$J$2:$J$15,0)) -> Döviz
A9: =INDEX(VeriTakip!A$2:A$15,MATCH(SMALL(VeriTakip!$J$2:$J$15,ROW()-3),VeriTakip!$J$2:$J$15,0)) -> BVD | B9: =INDEX(VeriTakip!B$2:B$15,MATCH(SMALL(VeriTakip!$J$2:$J$15,ROW()-3),VeriTakip!$J$2:$J$15,0)) -> 8 | C9: =INDEX(VeriTakip!C$2:C$15,MATCH(SMALL(VeriTakip!$J$2:$J$15,ROW()-3),VeriTakip!$J$2:$J$15,0)) -> 3 | D9: =INDEX(VeriTakip!D$2:D$15,MATCH(SMALL(VeriTakip!$J$2:$J$15,ROW()-3),VeriTakip!$J$2:$J$15,0)) -> 6 | E9: =INDEX(VeriTakip!E$2:E$15,MATCH(SMALL(VeriTakip!$J$2:$J$15,ROW()-3),VeriTakip!$J$2:$J$15,0)) -> 1 | F9: =INDEX(VeriTakip!F$2:F$15,MATCH(SMALL(VeriTakip!$J$2:$J$15,ROW()-3),VeriTakip!$J$2:$J$15,0)) -> - | G9: =INDEX(VeriTakip!G$2:G$15,MATCH(SMALL(VeriTakip!$J$2:$J$15,ROW()-3),VeriTakip!$J$2:$J$15,0)) -> 28 | H9: =INDEX(VeriTakip!H$2:H$15,MATCH(SMALL(VeriTakip!$J$2:$J$15,ROW()-3),VeriTakip!$J$2:$J$15,0)) -> Dengeli Değişken
A10: =INDEX(VeriTakip!A$2:A$15,MATCH(SMALL(VeriTakip!$J$2:$J$15,ROW()-3),VeriTakip!$J$2:$J$15,0)) -> BHI | B10: =INDEX(VeriTakip!B$2:B$15,MATCH(SMALL(VeriTakip!$J$2:$J$15,ROW()-3),VeriTakip!$J$2:$J$15,0)) -> 7 | C10: =INDEX(VeriTakip!C$2:C$15,MATCH(SMALL(VeriTakip!$J$2:$J$15,ROW()-3),VeriTakip!$J$2:$J$15,0)) -> 7 | D10: =INDEX(VeriTakip!D$2:D$15,MATCH(SMALL(VeriTakip!$J$2:$J$15,ROW()-3),VeriTakip!$J$2:$J$15,0)) -> 3 | E10: =INDEX(VeriTakip!E$2:E$15,MATCH(SMALL(VeriTakip!$J$2:$J$15,ROW()-3),VeriTakip!$J$2:$J$15,0)) -> 1 | F10: =INDEX(VeriTakip!F$2:F$15,MATCH(SMALL(VeriTakip!$J$2:$J$15,ROW()-3),VeriTakip!$J$2:$J$15,0)) -> 1 | G10: =INDEX(VeriTakip!G$2:G$15,MATCH(SMALL(VeriTakip!$J$2:$J$15,ROW()-3),VeriTakip!$J$2:$J$15,0)) -> 24 | H10: =INDEX(VeriTakip!H$2:H$15,MATCH(SMALL(VeriTakip!$J$2:$J$15,ROW()-3),VeriTakip!$J$2:$J$15,0)) -> Mutlak Getiri
A11: =INDEX(VeriTakip!A$2:A$15,MATCH(SMALL(VeriTakip!$J$2:$J$15,ROW()-3),VeriTakip!$J$2:$J$15,0)) -> BVF | B11: =INDEX(VeriTakip!B$2:B$15,MATCH(SMALL(VeriTakip!$J$2:$J$15,ROW()-3),VeriTakip!$J$2:$J$15,0)) -> 10 | C11: =INDEX(VeriTakip!C$2:C$15,MATCH(SMALL(VeriTakip!$J$2:$J$15,ROW()-3),VeriTakip!$J$2:$J$15,0)) -> 7 | D11: =INDEX(VeriTakip!D$2:D$15,MATCH(SMALL(VeriTakip!$J$2:$J$15,ROW()-3),VeriTakip!$J$2:$J$15,0)) -> 10 | E11: =INDEX(VeriTakip!E$2:E$15,MATCH(SMALL(VeriTakip!$J$2:$J$15,ROW()-3),VeriTakip!$J$2:$J$15,0)) -> 7 | F11: =INDEX(VeriTakip!F$2:F$15,MATCH(SMALL(VeriTakip!$J$2:$J$15,ROW()-3),VeriTakip!$J$2:$J$15,0)) -> - | G11: =INDEX(VeriTakip!G$2:G$15,MATCH(SMALL(VeriTakip!$J$2:$J$15,ROW()-3),VeriTakip!$J$2:$J$15,0)) -> 61 | H11: =INDEX(VeriTakip!H$2:H$15,MATCH(SMALL(VeriTakip!$J$2:$J$15,ROW()-3),VeriTakip!$J$2:$J$15,0)) -> Para Piyasası
A12: =INDEX(VeriTakip!A$2:A$15,MATCH(SMALL(VeriTakip!$J$2:$J$15,ROW()-3),VeriTakip!$J$2:$J$15,0)) -> RUT | B12: =INDEX(VeriTakip!B$2:B$15,MATCH(SMALL(VeriTakip!$J$2:$J$15,ROW()-3),VeriTakip!$J$2:$J$15,0)) -> 8 | C12: =INDEX(VeriTakip!C$2:C$15,MATCH(SMALL(VeriTakip!$J$2:$J$15,ROW()-3),VeriTakip!$J$2:$J$15,0)) -> 7 | D12: =INDEX(VeriTakip!D$2:D$15,MATCH(SMALL(VeriTakip!$J$2:$J$15,ROW()-3),VeriTakip!$J$2:$J$15,0)) -> 6 | E12: =INDEX(VeriTakip!E$2:E$15,MATCH(SMALL(VeriTakip!$J$2:$J$15,ROW()-3),VeriTakip!$J$2:$J$15,0)) -> 4 | F12: =INDEX(VeriTakip!F$2:F$15,MATCH(SMALL(VeriTakip!$J$2:$J$15,ROW()-3),VeriTakip!$J$2:$J$15,0)) -> 4 | G12: =INDEX(VeriTakip!G$2:G$15,MATCH(SMALL(VeriTakip!$J$2:$J$15,ROW()-3),VeriTakip!$J$2:$J$15,0)) -> 9 | H12: =INDEX(VeriTakip!H$2:H$15,MATCH(SMALL(VeriTakip!$J$2:$J$15,ROW()-3),VeriTakip!$J$2:$J$15,0)) -> RUT
A13: =INDEX(VeriTakip!A$2:A$15,MATCH(SMALL(VeriTakip!$J$2:$J$15,ROW()-3),VeriTakip!$J$2:$J$15,0)) -> BV1 | B13: =INDEX(VeriTakip!B$2:B$15,MATCH(SMALL(VeriTakip!$J$2:$J$15,ROW()-3),VeriTakip!$J$2:$J$15,0)) -> 23 | C13: =INDEX(VeriTakip!C$2:C$15,MATCH(SMALL(VeriTakip!$J$2:$J$15,ROW()-3),VeriTakip!$J$2:$J$15,0)) -> 8 | D13: =INDEX(VeriTakip!D$2:D$15,MATCH(SMALL(VeriTakip!$J$2:$J$15,ROW()-3),VeriTakip!$J$2:$J$15,0)) -> 11 | E13: =INDEX(VeriTakip!E$2:E$15,MATCH(SMALL(VeriTakip!$J$2:$J$15,ROW()-3),VeriTakip!$J$2:$J$15,0)) -> 19 | F13: =INDEX(VeriTakip!F$2:F$15,MATCH(SMALL(VeriTakip!$J$2:$J$15,ROW()-3),VeriTakip!$J$2:$J$15,0)) -> 7 | G13: =INDEX(VeriTakip!G$2:G$15,MATCH(SMALL(VeriTakip!$J$2:$J$15,ROW()-3),VeriTakip!$J$2:$J$15,0)) -> 41 | H13: =INDEX(VeriTakip!H$2:H$15,MATCH(SMALL(VeriTakip!$J$2:$J$15,ROW()-3),VeriTakip!$J$2:$J$15,0)) -> Hisse
A14: =INDEX(VeriTakip!A$2:A$15,MATCH(SMALL(VeriTakip!$J$2:$J$15,ROW()-3),VeriTakip!$J$2:$J$15,0)) -> MTD | B14: =INDEX(VeriTakip!B$2:B$15,MATCH(SMALL(VeriTakip!$J$2:$J$15,ROW()-3),VeriTakip!$J$2:$J$15,0)) -> 12 | C14: =INDEX(VeriTakip!C$2:C$15,MATCH(SMALL(VeriTakip!$J$2:$J$15,ROW()-3),VeriTakip!$J$2:$J$15,0)) -> 12 | D14: =INDEX(VeriTakip!D$2:D$15,MATCH(SMALL(VeriTakip!$J$2:$J$15,ROW()-3),VeriTakip!$J$2:$J$15,0)) -> 17 | E14: =INDEX(VeriTakip!E$2:E$15,MATCH(SMALL(VeriTakip!$J$2:$J$15,ROW()-3),VeriTakip!$J$2:$J$15,0)) -> 17 | F14: =INDEX(VeriTakip!F$2:F$15,MATCH(SMALL(VeriTakip!$J$2:$J$15,ROW()-3),VeriTakip!$J$2:$J$15,0)) -> - | G14: =INDEX(VeriTakip!G$2:G$15,MATCH(SMALL(VeriTakip!$J$2:$J$15,ROW()-3),VeriTakip!$J$2:$J$15,0)) -> 18 | H14: =INDEX(VeriTakip!H$2:H$15,MATCH(SMALL(VeriTakip!$J$2:$J$15,ROW()-3),VeriTakip!$J$2:$J$15,0)) -> Teknoloji
A15: =INDEX(VeriTakip!A$2:A$15,MATCH(SMALL(VeriTakip!$J$2:$J$15,ROW()-3),VeriTakip!$J$2:$J$15,0)) -> BVV | B15: =INDEX(VeriTakip!B$2:B$15,MATCH(SMALL(VeriTakip!$J$2:$J$15,ROW()-3),VeriTakip!$J$2:$J$15,0)) -> 14 | C15: =INDEX(VeriTakip!C$2:C$15,MATCH(SMALL(VeriTakip!$J$2:$J$15,ROW()-3),VeriTakip!$J$2:$J$15,0)) -> 14 | D15: =INDEX(VeriTakip!D$2:D$15,MATCH(SMALL(VeriTakip!$J$2:$J$15,ROW()-3),VeriTakip!$J$2:$J$15,0)) -> 8 | E15: =INDEX(VeriTakip!E$2:E$15,MATCH(SMALL(VeriTakip!$J$2:$J$15,ROW()-3),VeriTakip!$J$2:$J$15,0)) -> 3 | F15: =INDEX(VeriTakip!F$2:F$15,MATCH(SMALL(VeriTakip!$J$2:$J$15,ROW()-3),VeriTakip!$J$2:$J$15,0)) -> 2 | G15: =INDEX(VeriTakip!G$2:G$15,MATCH(SMALL(VeriTakip!$J$2:$J$15,ROW()-3),VeriTakip!$J$2:$J$15,0)) -> 18 | H15: =INDEX(VeriTakip!H$2:H$15,MATCH(SMALL(VeriTakip!$J$2:$J$15,ROW()-3),VeriTakip!$J$2:$J$15,0)) -> Teknoloji
... A17: =INDEX(VeriTakip!A$2:A$15,MATCH(SMALL(VeriTakip!$J$2:$J$15,ROW()-3),VeriTakip!$J$2:$J$15,0)) -> BAI | B17: =INDEX(VeriTakip!B$2:B$15,MATCH(SMALL(VeriTakip!$J$2:$J$15,ROW()-3),VeriTakip!$J$2:$J$15,0)) -> 35 | C17: =INDEX(VeriTakip!C$2:C$15,MATCH(SMALL(VeriTakip!$J$2:$J$15,ROW()-3),VeriTakip!$J$2:$J$15,0)) -> - | D17: =INDEX(VeriTakip!D$2:D$15,MATCH(SMALL(VeriTakip!$J$2:$J$15,ROW()-3),VeriTakip!$J$2:$J$15,0)) -> - | E17: =INDEX(VeriTakip!E$2:E$15,MATCH(SMALL(VeriTakip!$J$2:$J$15,ROW()-3),VeriTakip!$J$2:$J$15,0)) -> - | F17: =INDEX(VeriTakip!F$2:F$15,MATCH(SMALL(VeriTakip!$J$2:$J$15,ROW()-3),VeriTakip!$J$2:$J$15,0)) -> - | G17: =INDEX(VeriTakip!G$2:G$15,MATCH(SMALL(VeriTakip!$J$2:$J$15,ROW()-3),VeriTakip!$J$2:$J$15,0)) -> 47 | H17: =INDEX(VeriTakip!H$2:H$15,MATCH(SMALL(VeriTakip!$J$2:$J$15,ROW()-3),VeriTakip!$J$2:$J$15,0)) -> Altın

Sheet V_Arbitraj
A1: Fon Kodu | B1: Arbitraj Fonları | C1: Yönetici | D1: FYÜ% | E1: Günlük% | F1: Haftalık | G1: Aylık | H1: Yılbaşına Göre | I1: Yıllık | J1: Yatırımcı Sayısı T-30 | K1: Yatırımcı Sayısı T-1 | L1: YS Değişim | M1: Önceki Ay FTD | N1: T-1 FTD | O1: FTD Değişim | P1: Standart Sapma (Aylık) | Q1: TEFAS Durumu | R1: Mevduat (TL) | S1: Vadeli İşlemler Nakit Teminatları | T1: Ters Repo Oranı | U1: Hisse Oranı | V1: Para Piyasaları Oranı | W1: Yatırım Fonları Katılma Payları | X1: Özel Tahvil/Bono Oranı | Y1: Finansman Bonosu Oranı | Z1: Diğer Oran | AA1: Toplam
A2: ICN | B2: İstanbul Portföy Üçüncü İstatistiksel Arbitraj Serbest (TL) Fon | C2: İstanbul Portföy | D2: 0.0315 | E2: 0.47122477 | F2: 0.81708437 | G2: 3.2703729 | H2: 25.837835 | I2: 52.90876 | J2: 15 | K2: 14 | L2: -0.066666667 | M2: 1.6550216e+08 | N2: 1.7048085e+08 | O2: 0.030082354 | P2: 0.14980409 | Q2: Görmüyor | R2: 0 | S2: 0.2963 | T2: 0 | U2: 0 | V2: 0 | W2: 0.7031 | X2: 0 | Y2: 0 | Z2: 0 | AA2: 0.9994 | AC2: =IF(ISNUMBER(INDEX($A$2:$AA$14,1,MATCH(Arbitraj!$E$2,$A$1:$AA$1,0))),INDEX($A$2:$AA$14,1,MATCH(Arbitraj!$E$2,$A$1:$AA$1,0)),-1000000000)-ROW()/10000000 -> 0.47122457
A3: IRV | B3: İstanbul Portföy İstatistiksel Arbitraj Serbest Fon | C3: İstanbul Portföy | D3: 0.03 | E3: 0.29038708 | F3: 0.61558927 | G3: 3.87085 | H3: 18.470973 | I3: 38.288144 | J3: 35 | K3: 36 | L3: 0.028571429 | M3: 2.5227015e+08 | N3: 2.8645493e+08 | O3: 0.13550865 | P3: 0.19501499 | Q3: Görüyor | R3: 0 | S3: 0.1788 | T3: 0 | U3: 0.6072 | V3: 0 | W3: 0.139 | X3: 0 | Y3: 0.0767 | Z3: -0.0021 | AA3: 0.9996 | AC3: =IF(ISNUMBER(INDEX($A$2:$AA$14,2,MATCH(Arbitraj!$E$2,$A$1:$AA$1,0))),INDEX($A$2:$AA$14,2,MATCH(Arbitraj!$E$2,$A$1:$AA$1,0)),-1000000000)-ROW()/10000000 -> 0.29038678
A4: LPH | B4: Statech Portföy İstatistiksel Arbitraj Hisse Senedi Serbest (TL) Fon (Hisse Senedi Yoğun Fon) | C4: Statech Portföy | D4: 0.035 | E4: 0.28554763 | F4: 0.95667656 | G4: 3.4575854 | H4: 31.611835 | I4: 64.932363 | J4: 1661 | K4: 1683 | L4: 0.013245033 | M4: 1.6244287e+09 | N4: 2.2403628e+09 | O4: 0.37916968 | P4: 0.13407652 | Q4: Görüyor | R4: 0 | S4: 0.1463 | T4: 0 | U4: 0.8537 | V4: 0 | W4: 0 | X4: 0 | Y4: 0 | Z4: 0 | AA4: 1 | AC4: =IF(ISNUMBER(INDEX($A$2:$AA$14,3,MATCH(Arbitraj!$E$2,$A$1:$AA$1,0))),INDEX($A$2:$AA$14,3,MATCH(Arbitraj!$E$2,$A$1:$AA$1,0)),-1000000000)-ROW()/10000000 -> 0.28554723
A5: TCI | B5: Tacirler Portföy İstatistiksel Arbitraj Serbest Fon | C5: Tacirler Portföy | D5: 0.035 | E5: 0.26090605 | F5: 0.70593745 | G5: 3.2436742 | H5: 21.828324 | I5: 44.311736 | J5: 17 | K5: 16 | L5: -0.058823529 | M5: 1.3856132e+09 | N5: 1.3525342e+09 | O5: -0.023873217 | P5: 0.086020675 | Q5: Görmüyor | R5: 0.1544 | S5: 0.074 | T5: 0.3305 | U5: 0.1209 | V5: 0.0004 | W5: 0.186 | X5: 0 | Y5: 0.1338 | Z5: 0 | AA5: 1 | AC5: =IF(ISNUMBER(INDEX($A$2:$AA$14,4,MATCH(Arbitraj!$E$2,$A$1:$AA$1,0))),INDEX($A$2:$AA$14,4,MATCH(Arbitraj!$E$2,$A$1:$AA$1,0)),-1000000000)-ROW()/10000000 -> 0.26090555
A6: BVZ | B6: BV Portföy İstatistiksel Arbitraj Serbest (TL) Fon | C6: BV Portföy | D6: 0.042 | E6: 0.24709811 | F6: 0.86947754 | G6: 3.5748564 | H6: 23.814921 | I6: 47.823586 | J6: 704 | K6: 678 | L6: -0.036931818 | M6: 2.9530498e+09 | N6: 2.6975042e+09 | O6: -0.08653615 | P6: 0.083391418 | Q6: Görüyor | R6: 0 | S6: 0.0248 | T6: 0.4362 | U6: 0.1326 | V6: 0.2724 | W6: 0.0064 | X6: 0 | Y6: 0.0748 | Z6: 0.0108 | AA6: 0.958 | AC6: =IF(ISNUMBER(INDEX($A$2:$AA$14,5,MATCH(Arbitraj!$E$2,$A$1:$AA$1,0))),INDEX($A$2:$AA$14,5,MATCH(Arbitraj!$E$2,$A$1:$AA$1,0)),-1000000000)-ROW()/10000000 -> 0.24709751
A7: SST | B7: Strateji Portföy İstatistiksel Arbitraj Serbest Fon | C7: Strateji Portföy | D7: 0.03 | E7: 0.21290221 | F7: 0.42212813 | G7: 2.5332295 | H7: 16.406107 | I7: 34.045137 | J7: 22 | K7: 22 | L7: 0 | M7: 8987622.2 | N7: 9215302.9 | O7: 0.025332691 | P7: 0.11621171 | Q7: Görmüyor | R7: 0 | S7: 0.4624 | T7: 0 | U7: 0.5214 | V7: 0 | W7: 0 | X7: 0 | Y7: 0 | Z7: 0 | AA7: 0.9838 | AC7: =IF(ISNUMBER(INDEX($A$2:$AA$14,6,MATCH(Arbitraj!$E$2,$A$1:$AA$1,0))),INDEX($A$2:$AA$14,6,MATCH(Arbitraj!$E$2,$A$1:$AA$1,0)),-1000000000)-ROW()/10000000 -> 0.21290151
A8: MPI | B8: Meksa Portföy İstatistiksel Arbitraj Serbest (TL) Fon | C8: Meksa Portföy | D8: 0.02 | E8: 0.16491231 | F8: 0.76124045 | G8: 3.0372908 | H8: 21.226 | I8: 44.148714 | J8: 35 | K8: 34 | L8: -0.028571429 | M8: 76274280 | N8: 75635369 | O8: -0.0083764849 | P8: 0.11107127 | Q8: Görüyor | R8: 0 | S8: 0.1006 | T8: 0 | U8: 0.5279 | V8: 0.2512 | W8: 0 | X8: 0.0572 | Y8: 0.0631 | Z8: 0 | AA8: 1 | AC8: =IF(ISNUMBER(INDEX($A$2:$AA$14,7,MATCH(Arbitraj!$E$2,$A$1:$AA$1,0))),INDEX($A$2:$AA$14,7,MATCH(Arbitraj!$E$2,$A$1:$AA$1,0)),-1000000000)-ROW()/10000000 -> 0.16491151
A9: NIS | B9: Neo Portföy İstatistiksel Arbitraj Serbest Fon | C9: Neo Portföy | D9: 0.015 | E9: 0.13565284 | F9: 0.83867845 | G9: 3.8008718 | H9: 23.412185 | I9: 52.248878 | J9: 24 | K9: 26 | L9: 0.083333333 | M9: 1.0868297e+09 | N9: 1.4793322e+09 | O9: 0.36114438 | P9: 0.051375268 | Q9: Görmüyor | R9: 0 | S9: 0.1973 | T9: 0 | U9: 0.1657 | V9: 0.4378 | W9: 0.1992 | X9: 0 | Y9: 0 | Z9: 0 | AA9: 1 | AC9: =IF(ISNUMBER(INDEX($A$2:$AA$14,8,MATCH(Arbitraj!$E$2,$A$1:$AA$1,0))),INDEX($A$2:$AA$14,8,MATCH(Arbitraj!$E$2,$A$1:$AA$1,0)),-1000000000)-ROW()/10000000 -> 0.13565194
A10: INZ | B10: Inveo Portföy İstatistiksel Arbitraj Serbest (TL) Fon | C10: Inveo Portföy | D10: 0.04 | E10: 0.13490678 | F10: 0.34534479 | G10: 3.1833473 | H10: 18.149871 | I10: 34.046446 | J10: 15 | K10: 15 | L10: 0 | M10: 1.1031609e+08 | N10: 1.1382782e+08 | O10: 0.031833322 | P10: 0.12410424 | Q10: Görmüyor | R10: 0 | S10: 0.1906 | T10: 0 | U10: 0.1466 | V10: 0.616 | W10: 0.0468 | X10: 0 | Y10: 0 | Z10: 0 | AA10: 1 | AC10: =IF(ISNUMBER(INDEX($A$2:$AA$14,9,MATCH(Arbitraj!$E$2,$A$1:$AA$1,0))),INDEX($A$2:$AA$14,9,MATCH(Arbitraj!$E$2,$A$1:$AA$1,0)),-1000000000)-ROW()/10000000 -> 0.13490578
A11: AC5 | B11: Pardus Portföy İstatistiksel Arbitraj Hisse Senedi Serbest (TL) Fon (Hisse Senedi Yoğun Fon) | C11: Pardus Portföy | D11: 0.015 | E11: 0.13120767 | F11: 0.65602274 | G11: 2.432806 | H11: 16.774915 | I11: 37.519523 | J11: 159 | K11: 147 | L11: -0.075471698 | M11: 21318577 | N11: 21779407 | O11: 0.021616396 | P11: 0.1496238 | Q11: Görüyor | R11: 0 | S11: 0.1953 | T11: 0 | U11: 0.8047 | V11: 0 | W11: 0 | X11: 0 | Y11: 0 | Z11: 0 | AA11: 1 | AC11: =IF(ISNUMBER(INDEX($A$2:$AA$14,10,MATCH(Arbitraj!$E$2,$A$1:$AA$1,0))),INDEX($A$2:$AA$14,10,MATCH(Arbitraj!$E$2,$A$1:$AA$1,0)),-1000000000)-ROW()/10000000 -> 0.13120657
A12: OFB | B12: Oyak Portföy İstatistiksel Arbitraj Serbest (TL) Fon | C12: Oyak Portföy | D12: 0.005 | E12: 0.12168723 | F12: 0.74531816 | G12: 3.450755 | H12: 22.280029 | I12: 46.764647 | J12: 13 | K12: 13 | L12: 0 | M12: 9.4812935e+08 | N12: 9.7525645e+08 | O12: 0.028611174 | P12: 0.077584275 | Q12: Görmüyor | R12: 0 | S12: 0.0747 | T12: 0.9247 | U12: 0 | V12: 0.0006 | W12: 0 | X12: 0 | Y12: 0 | Z12: 0 | AA12: 1 | AC12: =IF(ISNUMBER(INDEX($A$2:$AA$14,11,MATCH(Arbitraj!$E$2,$A$1:$AA$1,0))),INDEX($A$2:$AA$14,11,MATCH(Arbitraj!$E$2,$A$1:$AA$1,0)),-1000000000)-ROW()/10000000 -> 0.12168603
A13: DPI | B13: Deniz Portföy İstatistiksel Arbitraj Hisse Senedi Serbest Fon (Hisse Senedi Yoğun Fon) | C13: Deniz Portföy | D13: 0.0325 | E13: 0.035155975 | F13: 0.63732318 | G13: 2.4946599 | H13: 19.813222 | I13: 41.457413 | J13: 120 | K13: 121 | L13: 0.0083333333 | M13: 3.5755997e+08 | N13: 3.6093876e+08 | O13: 0.0094495859 | P13: 0.092173479 | Q13: Görüyor | R13: 0.0022 | S13: 0.1368 | T13: 0 | U13: 0.8957 | V13: 0 | W13: 0 | X13: 0 | Y13: 0 | Z13: 0 | AA13: 1.0347 | AC13: =IF(ISNUMBER(INDEX($A$2:$AA$14,12,MATCH(Arbitraj!$E$2,$A$1:$AA$1,0))),INDEX($A$2:$AA$14,12,MATCH(Arbitraj!$E$2,$A$1:$AA$1,0)),-1000000000)-ROW()/10000000 -> 0.035154675
A14: UZY | B14: Ünlü Portföy İkinci İstatistiksel Arbitraj Serbest Fon | C14: Ünlü Portföy | D14: 0.03 | E14: -0.035231897 | F14: 0.56923257 | G14: 434.52364 | H14: 86.579077 | I14: 120.66541 | J14: 16 | K14: 32 | L14: 1 | M14: 52088.23 | N14: 1.4358243e+08 | O14: 2755.5235 | P14: 0.12751642 | Q14: Görmüyor | R14: 0 | S14: 0 | T14: 0.8466 | U14: 0.1499 | V14: 0.0035 | W14: 0 | X14: 0 | Y14: 0 | Z14: 0 | AA14: 1 | AC14: =IF(ISNUMBER(INDEX($A$2:$AA$14,13,MATCH(Arbitraj!$E$2,$A$1:$AA$1,0))),INDEX($A$2:$AA$14,13,MATCH(Arbitraj!$E$2,$A$1:$AA$1,0)),-1000000000)-ROW()/10000000 -> -0.035233297

Sheet Arbitraj
F1: 46216 | G1: 46210 | H1: 46185 | I1: 46022 | J1: 45852
B2: T-1: 14.07.2026 | D2: Sırala: | E2: Günlük%
B3: Fon Kodu | C3: Arbitraj Fonları | D3: Yönetici | E3: FYÜ% | F3: Günlük% | G3: Haftalık | H3: Aylık | I3: Yılbaşına Göre | J3: Yıllık | K3: Yatırımcı Sayısı T-30 | L3: Yatırımcı Sayısı T-1 | M3: YS Değişim | N3: Önceki Ay FTD | O3: T-1 FTD | P3: FTD Değişim | Q3: Standart Sapma (Aylık) | R3: TEFAS Durumu | S3: Mevduat (TL) | T3: Vadeli İşlemler Nakit Teminatları | U3: Ters Repo Oranı | V3: Hisse Oranı | W3: Para Piyasaları Oranı | X3: Yatırım Fonları Katılma Payları | Y3: Özel Tahvil/Bono Oranı | Z3: Finansman Bonosu Oranı | AA3: Diğer Oran | AB3: Toplam
A4: 1 | B4: =INDEX(V_Arbitraj!A$2:A$14,MATCH(LARGE(V_Arbitraj!$AC$2:$AC$14,ROW()-3),V_Arbitraj!$AC$2:$AC$14,0)) -> ICN | C4: =INDEX(V_Arbitraj!B$2:B$14,MATCH(LARGE(V_Arbitraj!$AC$2:$AC$14,ROW()-3),V_Arbitraj!$AC$2:$AC$14,0)) -> İstanbul Portföy Üçüncü İstatistiksel Arbitraj Serbest (TL) Fon | D4: =INDEX(V_Arbitraj!C$2:C$14,MATCH(LARGE(V_Arbitraj!$AC$2:$AC$14,ROW()-3),V_Arbitraj!$AC$2:$AC$14,0)) -> İstanbul Portföy | E4: =INDEX(V_Arbitraj!D$2:D$14,MATCH(LARGE(V_Arbitraj!$AC$2:$AC$14,ROW()-3),V_Arbitraj!$AC$2:$AC$14,0)) -> 0.0315 | F4: =INDEX(V_Arbitraj!E$2:E$14,MATCH(LARGE(V_Arbitraj!$AC$2:$AC$14,ROW()-3),V_Arbitraj!$AC$2:$AC$14,0)) -> 0.47122477 | G4: =INDEX(V_Arbitraj!F$2:F$14,MATCH(LARGE(V_Arbitraj!$AC$2:$AC$14,ROW()-3),V_Arbitraj!$AC$2:$AC$14,0)) -> 0.81708437 | H4: =INDEX(V_Arbitraj!G$2:G$14,MATCH(LARGE(V_Arbitraj!$AC$2:$AC$14,ROW()-3),V_Arbitraj!$AC$2:$AC$14,0)) -> 3.2703729 | I4: =INDEX(V_Arbitraj!H$2:H$14,MATCH(LARGE(V_Arbitraj!$AC$2:$AC$14,ROW()-3),V_Arbitraj!$AC$2:$AC$14,0)) -> 25.837835 | ... AB4: =INDEX(V_Arbitraj!AA$2:AA$14,MATCH(LARGE(V_Arbitraj!$AC$2:$AC$14,ROW()-3),V_Arbitraj!$AC$2:$AC$14,0)) -> 0.9994
A5: 2 | B5: =INDEX(V_Arbitraj!A$2:A$14,MATCH(LARGE(V_Arbitraj!$AC$2:$AC$14,ROW()-3),V_Arbitraj!$AC$2:$AC$14,0)) -> IRV | C5: =INDEX(V_Arbitraj!B$2:B$14,MATCH(LARGE(V_Arbitraj!$AC$2:$AC$14,ROW()-3),V_Arbitraj!$AC$2:$AC$14,0)) -> İstanbul Portföy İstatistiksel Arbitraj Serbest Fon | D5: =INDEX(V_Arbitraj!C$2:C$14,MATCH(LARGE(V_Arbitraj!$AC$2:$AC$14,ROW()-3),V_Arbitraj!$AC$2:$AC$14,0)) -> İstanbul Portföy | E5: =INDEX(V_Arbitraj!D$2:D$14,MATCH(LARGE(V_Arbitraj!$AC$2:$AC$14,ROW()-3),V_Arbitraj!$AC$2:$AC$14,0)) -> 0.03 | F5: =INDEX(V_Arbitraj!E$2:E$14,MATCH(LARGE(V_Arbitraj!$AC$2:$AC$14,ROW()-3),V_Arbitraj!$AC$2:$AC$14,0)) -> 0.29038708 | G5: =INDEX(V_Arbitraj!F$2:F$14,MATCH(LARGE(V_Arbitraj!$AC$2:$AC$14,ROW()-3),V_Arbitraj!$AC$2:$AC$14,0)) -> 0.61558927 | H5: =INDEX(V_Arbitraj!G$2:G$14,MATCH(LARGE(V_Arbitraj!$AC$2:$AC$14,ROW()-3),V_Arbitraj!$AC$2:$AC$14,0)) -> 3.87085 | I5: =INDEX(V_Arbitraj!H$2:H$14,MATCH(LARGE(V_Arbitraj!$AC$2:$AC$14,ROW()-3),V_Arbitraj!$AC$2:$AC$14,0)) -> 18.470973 | ... AB5: =INDEX(V_Arbitraj!AA$2:AA$14,MATCH(LARGE(V_Arbitraj!$AC$2:$AC$14,ROW()-3),V_Arbitraj!$AC$2:$AC$14,0)) -> 0.9996
A6: 3 | B6: =INDEX(V_Arbitraj!A$2:A$14,MATCH(LARGE(V_Arbitraj!$AC$2:$AC$14,ROW()-3),V_Arbitraj!$AC$2:$AC$14,0)) -> LPH | C6: =INDEX(V_Arbitraj!B$2:B$14,MATCH(LARGE(V_Arbitraj!$AC$2:$AC$14,ROW()-3),V_Arbitraj!$AC$2:$AC$14,0)) -> Statech Portföy İstatistiksel Arbitraj Hisse Senedi Serbest (TL) Fon (Hisse Senedi Yoğun Fon) | D6: =INDEX(V_Arbitraj!C$2:C$14,MATCH(LARGE(V_Arbitraj!$AC$2:$AC$14,ROW()-3),V_Arbitraj!$AC$2:$AC$14,0)) -> Statech Portföy | E6: =INDEX(V_Arbitraj!D$2:D$14,MATCH(LARGE(V_Arbitraj!$AC$2:$AC$14,ROW()-3),V_Arbitraj!$AC$2:$AC$14,0)) -> 0.035 | F6: =INDEX(V_Arbitraj!E$2:E$14,MATCH(LARGE(V_Arbitraj!$AC$2:$AC$14,ROW()-3),V_Arbitraj!$AC$2:$AC$14,0)) -> 0.28554763 | G6: =INDEX(V_Arbitraj!F$2:F$14,MATCH(LARGE(V_Arbitraj!$AC$2:$AC$14,ROW()-3),V_Arbitraj!$AC$2:$AC$14,0)) -> 0.95667656 | H6: =INDEX(V_Arbitraj!G$2:G$14,MATCH(LARGE(V_Arbitraj!$AC$2:$AC$14,ROW()-3),V_Arbitraj!$AC$2:$AC$14,0)) -> 3.4575854 | I6: =INDEX(V_Arbitraj!H$2:H$14,MATCH(LARGE(V_Arbitraj!$AC$2:$AC$14,ROW()-3),V_Arbitraj!$AC$2:$AC$14,0)) -> 31.611835 | ... AB6: =INDEX(V_Arbitraj!AA$2:AA$14,MATCH(LARGE(V_Arbitraj!$AC$2:$AC$14,ROW()-3),V_Arbitraj!$AC$2:$AC$14,0)) -> 1
A7: 4 | B7: =INDEX(V_Arbitraj!A$2:A$14,MATCH(LARGE(V_Arbitraj!$AC$2:$AC$14,ROW()-3),V_Arbitraj!$AC$2:$AC$14,0)) -> TCI | C7: =INDEX(V_Arbitraj!B$2:B$14,MATCH(LARGE(V_Arbitraj!$AC$2:$AC$14,ROW()-3),V_Arbitraj!$AC$2:$AC$14,0)) -> Tacirler Portföy İstatistiksel Arbitraj Serbest Fon | D7: =INDEX(V_Arbitraj!C$2:C$14,MATCH(LARGE(V_Arbitraj!$AC$2:$AC$14,ROW()-3),V_Arbitraj!$AC$2:$AC$14,0)) -> Tacirler Portföy | E7: =INDEX(V_Arbitraj!D$2:D$14,MATCH(LARGE(V_Arbitraj!$AC$2:$AC$14,ROW()-3),V_Arbitraj!$AC$2:$AC$14,0)) -> 0.035 | F7: =INDEX(V_Arbitraj!E$2:E$14,MATCH(LARGE(V_Arbitraj!$AC$2:$AC$14,ROW()-3),V_Arbitraj!$AC$2:$AC$14,0)) -> 0.26090605 | G7: =INDEX(V_Arbitraj!F$2:F$14,MATCH(LARGE(V_Arbitraj!$AC$2:$AC$14,ROW()-3),V_Arbitraj!$AC$2:$AC$14,0)) -> 0.70593745 | H7: =INDEX(V_Arbitraj!G$2:G$14,MATCH(LARGE(V_Arbitraj!$AC$2:$AC$14,ROW()-3),V_Arbitraj!$AC$2:$AC$14,0)) -> 3.2436742 | I7: =INDEX(V_Arbitraj!H$2:H$14,MATCH(LARGE(V_Arbitraj!$AC$2:$AC$14,ROW()-3),V_Arbitraj!$AC$2:$AC$14,0)) -> 21.828324 | ... AB7: =INDEX(V_Arbitraj!AA$2:AA$14,MATCH(LARGE(V_Arbitraj!$AC$2:$AC$14,ROW()-3),V_Arbitraj!$AC$2:$AC$14,0)) -> 1
A8: 5 | B8: =INDEX(V_Arbitraj!A$2:A$14,MATCH(LARGE(V_Arbitraj!$AC$2:$AC$14,ROW()-3),V_Arbitraj!$AC$2:$AC$14,0)) -> BVZ | C8: =INDEX(V_Arbitraj!B$2:B$14,MATCH(LARGE(V_Arbitraj!$AC$2:$AC$14,ROW()-3),V_Arbitraj!$AC$2:$AC$14,0)) -> BV Portföy İstatistiksel Arbitraj Serbest (TL) Fon | D8: =INDEX(V_Arbitraj!C$2:C$14,MATCH(LARGE(V_Arbitraj!$AC$2:$AC$14,ROW()-3),V_Arbitraj!$AC$2:$AC$14,0)) -> BV Portföy | E8: =INDEX(V_Arbitraj!D$2:D$14,MATCH(LARGE(V_Arbitraj!$AC$2:$AC$14,ROW()-3),V_Arbitraj!$AC$2:$AC$14,0)) -> 0.042 | F8: =INDEX(V_Arbitraj!E$2:E$14,MATCH(LARGE(V_Arbitraj!$AC$2:$AC$14,ROW()-3),V_Arbitraj!$AC$2:$AC$14,0)) -> 0.24709811 | G8: =INDEX(V_Arbitraj!F$2:F$14,MATCH(LARGE(V_Arbitraj!$AC$2:$AC$14,ROW()-3),V_Arbitraj!$AC$2:$AC$14,0)) -> 0.86947754 | H8: =INDEX(V_Arbitraj!G$2:G$14,MATCH(LARGE(V_Arbitraj!$AC$2:$AC$14,ROW()-3),V_Arbitraj!$AC$2:$AC$14,0)) -> 3.5748564 | I8: =INDEX(V_Arbitraj!H$2:H$14,MATCH(LARGE(V_Arbitraj!$AC$2:$AC$14,ROW()-3),V_Arbitraj!$AC$2:$AC$14,0)) -> 23.814921 | ... AB8: =INDEX(V_Arbitraj!AA$2:AA$14,MATCH(LARGE(V_Arbitraj!$AC$2:$AC$14,ROW()-3),V_Arbitraj!$AC$2:$AC$14,0)) -> 0.958
A9: 6 | B9: =INDEX(V_Arbitraj!A$2:A$14,MATCH(LARGE(V_Arbitraj!$AC$2:$AC$14,ROW()-3),V_Arbitraj!$AC$2:$AC$14,0)) -> SST | C9: =INDEX(V_Arbitraj!B$2:B$14,MATCH(LARGE(V_Arbitraj!$AC$2:$AC$14,ROW()-3),V_Arbitraj!$AC$2:$AC$14,0)) -> Strateji Portföy İstatistiksel Arbitraj Serbest Fon | D9: =INDEX(V_Arbitraj!C$2:C$14,MATCH(LARGE(V_Arbitraj!$AC$2:$AC$14,ROW()-3),V_Arbitraj!$AC$2:$AC$14,0)) -> Strateji Portföy | E9: =INDEX(V_Arbitraj!D$2:D$14,MATCH(LARGE(V_Arbitraj!$AC$2:$AC$14,ROW()-3),V_Arbitraj!$AC$2:$AC$14,0)) -> 0.03 | F9: =INDEX(V_Arbitraj!E$2:E$14,MATCH(LARGE(V_Arbitraj!$AC$2:$AC$14,ROW()-3),V_Arbitraj!$AC$2:$AC$14,0)) -> 0.21290221 | G9: =INDEX(V_Arbitraj!F$2:F$14,MATCH(LARGE(V_Arbitraj!$AC$2:$AC$14,ROW()-3),V_Arbitraj!$AC$2:$AC$14,0)) -> 0.42212813 | H9: =INDEX(V_Arbitraj!G$2:G$14,MATCH(LARGE(V_Arbitraj!$AC$2:$AC$14,ROW()-3),V_Arbitraj!$AC$2:$AC$14,0)) -> 2.5332295 | I9: =INDEX(V_Arbitraj!H$2:H$14,MATCH(LARGE(V_Arbitraj!$AC$2:$AC$14,ROW()-3),V_Arbitraj!$AC$2:$AC$14,0)) -> 16.406107 | ... AB9: =INDEX(V_Arbitraj!AA$2:AA$14,MATCH(LARGE(V_Arbitraj!$AC$2:$AC$14,ROW()-3),V_Arbitraj!$AC$2:$AC$14,0)) -> 0.9838
A10: 7 | B10: =INDEX(V_Arbitraj!A$2:A$14,MATCH(LARGE(V_Arbitraj!$AC$2:$AC$14,ROW()-3),V_Arbitraj!$AC$2:$AC$14,0)) -> MPI | C10: =INDEX(V_Arbitraj!B$2:B$14,MATCH(LARGE(V_Arbitraj!$AC$2:$AC$14,ROW()-3),V_Arbitraj!$AC$2:$AC$14,0)) -> Meksa Portföy İstatistiksel Arbitraj Serbest (TL) Fon | D10: =INDEX(V_Arbitraj!C$2:C$14,MATCH(LARGE(V_Arbitraj!$AC$2:$AC$14,ROW()-3),V_Arbitraj!$AC$2:$AC$14,0)) -> Meksa Portföy | E10: =INDEX(V_Arbitraj!D$2:D$14,MATCH(LARGE(V_Arbitraj!$AC$2:$AC$14,ROW()-3),V_Arbitraj!$AC$2:$AC$14,0)) -> 0.02 | F10: =INDEX(V_Arbitraj!E$2:E$14,MATCH(LARGE(V_Arbitraj!$AC$2:$AC$14,ROW()-3),V_Arbitraj!$AC$2:$AC$14,0)) -> 0.16491231 | G10: =INDEX(V_Arbitraj!F$2:F$14,MATCH(LARGE(V_Arbitraj!$AC$2:$AC$14,ROW()-3),V_Arbitraj!$AC$2:$AC$14,0)) -> 0.76124045 | H10: =INDEX(V_Arbitraj!G$2:G$14,MATCH(LARGE(V_Arbitraj!$AC$2:$AC$14,ROW()-3),V_Arbitraj!$AC$2:$AC$14,0)) -> 3.0372908 | I10: =INDEX(V_Arbitraj!H$2:H$14,MATCH(LARGE(V_Arbitraj!$AC$2:$AC$14,ROW()-3),V_Arbitraj!$AC$2:$AC$14,0)) -> 21.226 | ... AB10: =INDEX(V_Arbitraj!AA$2:AA$14,MATCH(LARGE(V_Arbitraj!$AC$2:$AC$14,ROW()-3),V_Arbitraj!$AC$2:$AC$14,0)) -> 1
A11: 8 | B11: =INDEX(V_Arbitraj!A$2:A$14,MATCH(LARGE(V_Arbitraj!$AC$2:$AC$14,ROW()-3),V_Arbitraj!$AC$2:$AC$14,0)) -> NIS | C11: =INDEX(V_Arbitraj!B$2:B$14,MATCH(LARGE(V_Arbitraj!$AC$2:$AC$14,ROW()-3),V_Arbitraj!$AC$2:$AC$14,0)) -> Neo Portföy İstatistiksel Arbitraj Serbest Fon | D11: =INDEX(V_Arbitraj!C$2:C$14,MATCH(LARGE(V_Arbitraj!$AC$2:$AC$14,ROW()-3),V_Arbitraj!$AC$2:$AC$14,0)) -> Neo Portföy | E11: =INDEX(V_Arbitraj!D$2:D$14,MATCH(LARGE(V_Arbitraj!$AC$2:$AC$14,ROW()-3),V_Arbitraj!$AC$2:$AC$14,0)) -> 0.015 | F11: =INDEX(V_Arbitraj!E$2:E$14,MATCH(LARGE(V_Arbitraj!$AC$2:$AC$14,ROW()-3),V_Arbitraj!$AC$2:$AC$14,0)) -> 0.13565284 | G11: =INDEX(V_Arbitraj!F$2:F$14,MATCH(LARGE(V_Arbitraj!$AC$2:$AC$14,ROW()-3),V_Arbitraj!$AC$2:$AC$14,0)) -> 0.83867845 | H11: =INDEX(V_Arbitraj!G$2:G$14,MATCH(LARGE(V_Arbitraj!$AC$2:$AC$14,ROW()-3),V_Arbitraj!$AC$2:$AC$14,0)) -> 3.8008718 | I11: =INDEX(V_Arbitraj!H$2:H$14,MATCH(LARGE(V_Arbitraj!$AC$2:$AC$14,ROW()-3),V_Arbitraj!$AC$2:$AC$14,0)) -> 23.412185 | ... AB11: =INDEX(V_Arbitraj!AA$2:AA$14,MATCH(LARGE(V_Arbitraj!$AC$2:$AC$14,ROW()-3),V_Arbitraj!$AC$2:$AC$14,0)) -> 1
A12: 9 | B12: =INDEX(V_Arbitraj!A$2:A$14,MATCH(LARGE(V_Arbitraj!$AC$2:$AC$14,ROW()-3),V_Arbitraj!$AC$2:$AC$14,0)) -> INZ | C12: =INDEX(V_Arbitraj!B$2:B$14,MATCH(LARGE(V_Arbitraj!$AC$2:$AC$14,ROW()-3),V_Arbitraj!$AC$2:$AC$14,0)) -> Inveo Portföy İstatistiksel Arbitraj Serbest (TL) Fon | D12: =INDEX(V_Arbitraj!C$2:C$14,MATCH(LARGE(V_Arbitraj!$AC$2:$AC$14,ROW()-3),V_Arbitraj!$AC$2:$AC$14,0)) -> Inveo Portföy | E12: =INDEX(V_Arbitraj!D$2:D$14,MATCH(LARGE(V_Arbitraj!$AC$2:$AC$14,ROW()-3),V_Arbitraj!$AC$2:$AC$14,0)) -> 0.04 | F12: =INDEX(V_Arbitraj!E$2:E$14,MATCH(LARGE(V_Arbitraj!$AC$2:$AC$14,ROW()-3),V_Arbitraj!$AC$2:$AC$14,0)) -> 0.13490678 | G12: =INDEX(V_Arbitraj!F$2:F$14,MATCH(LARGE(V_Arbitraj!$AC$2:$AC$14,ROW()-3),V_Arbitraj!$AC$2:$AC$14,0)) -> 0.34534479 | H12: =INDEX(V_Arbitraj!G$2:G$14,MATCH(LARGE(V_Arbitraj!$AC$2:$AC$14,ROW()-3),V_Arbitraj!$AC$2:$AC$14,0)) -> 3.1833473 | I12: =INDEX(V_Arbitraj!H$2:H$14,MATCH(LARGE(V_Arbitraj!$AC$2:$AC$14,ROW()-3),V_Arbitraj!$AC$2:$AC$14,0)) -> 18.149871 | ... AB12: =INDEX(V_Arbitraj!AA$2:AA$14,MATCH(LARGE(V_Arbitraj!$AC$2:$AC$14,ROW()-3),V_Arbitraj!$AC$2:$AC$14,0)) -> 1
A13: 10 | B13: =INDEX(V_Arbitraj!A$2:A$14,MATCH(LARGE(V_Arbitraj!$AC$2:$AC$14,ROW()-3),V_Arbitraj!$AC$2:$AC$14,0)) -> AC5 | C13: =INDEX(V_Arbitraj!B$2:B$14,MATCH(LARGE(V_Arbitraj!$AC$2:$AC$14,ROW()-3),V_Arbitraj!$AC$2:$AC$14,0)) -> Pardus Portföy İstatistiksel Arbitraj Hisse Senedi Serbest (TL) Fon (Hisse Senedi Yoğun Fon) | D13: =INDEX(V_Arbitraj!C$2:C$14,MATCH(LARGE(V_Arbitraj!$AC$2:$AC$14,ROW()-3),V_Arbitraj!$AC$2:$AC$14,0)) -> Pardus Portföy | E13: =INDEX(V_Arbitraj!D$2:D$14,MATCH(LARGE(V_Arbitraj!$AC$2:$AC$14,ROW()-3),V_Arbitraj!$AC$2:$AC$14,0)) -> 0.015 | F13: =INDEX(V_Arbitraj!E$2:E$14,MATCH(LARGE(V_Arbitraj!$AC$2:$AC$14,ROW()-3),V_Arbitraj!$AC$2:$AC$14,0)) -> 0.13120767 | G13: =INDEX(V_Arbitraj!F$2:F$14,MATCH(LARGE(V_Arbitraj!$AC$2:$AC$14,ROW()-3),V_Arbitraj!$AC$2:$AC$14,0)) -> 0.65602274 | H13: =INDEX(V_Arbitraj!G$2:G$14,MATCH(LARGE(V_Arbitraj!$AC$2:$AC$14,ROW()-3),V_Arbitraj!$AC$2:$AC$14,0)) -> 2.432806 | I13: =INDEX(V_Arbitraj!H$2:H$14,MATCH(LARGE(V_Arbitraj!$AC$2:$AC$14,ROW()-3),V_Arbitraj!$AC$2:$AC$14,0)) -> 16.774915 | ... AB13: =INDEX(V_Arbitraj!AA$2:AA$14,MATCH(LARGE(V_Arbitraj!$AC$2:$AC$14,ROW()-3),V_Arbitraj!$AC$2:$AC$14,0)) -> 1
A14: 11 | B14: =INDEX(V_Arbitraj!A$2:A$14,MATCH(LARGE(V_Arbitraj!$AC$2:$AC$14,ROW()-3),V_Arbitraj!$AC$2:$AC$14,0)) -> OFB | C14: =INDEX(V_Arbitraj!B$2:B$14,MATCH(LARGE(V_Arbitraj!$AC$2:$AC$14,ROW()-3),V_Arbitraj!$AC$2:$AC$14,0)) -> Oyak Portföy İstatistiksel Arbitraj Serbest (TL) Fon | D14: =INDEX(V_Arbitraj!C$2:C$14,MATCH(LARGE(V_Arbitraj!$AC$2:$AC$14,ROW()-3),V_Arbitraj!$AC$2:$AC$14,0)) -> Oyak Portföy | E14: =INDEX(V_Arbitraj!D$2:D$14,MATCH(LARGE(V_Arbitraj!$AC$2:$AC$14,ROW()-3),V_Arbitraj!$AC$2:$AC$14,0)) -> 0.005 | F14: =INDEX(V_Arbitraj!E$2:E$14,MATCH(LARGE(V_Arbitraj!$AC$2:$AC$14,ROW()-3),V_Arbitraj!$AC$2:$AC$14,0)) -> 0.12168723 | G14: =INDEX(V_Arbitraj!F$2:F$14,MATCH(LARGE(V_Arbitraj!$AC$2:$AC$14,ROW()-3),V_Arbitraj!$AC$2:$AC$14,0)) -> 0.74531816 | H14: =INDEX(V_Arbitraj!G$2:G$14,MATCH(LARGE(V_Arbitraj!$AC$2:$AC$14,ROW()-3),V_Arbitraj!$AC$2:$AC$14,0)) -> 3.450755 | I14: =INDEX(V_Arbitraj!H$2:H$14,MATCH(LARGE(V_Arbitraj!$AC$2:$AC$14,ROW()-3),V_Arbitraj!$AC$2:$AC$14,0)) -> 22.280029 | ... AB14: =INDEX(V_Arbitraj!AA$2:AA$14,MATCH(LARGE(V_Arbitraj!$AC$2:$AC$14,ROW()-3),V_Arbitraj!$AC$2:$AC$14,0)) -> 1
A15: 12 | B15: =INDEX(V_Arbitraj!A$2:A$14,MATCH(LARGE(V_Arbitraj!$AC$2:$AC$14,ROW()-3),V_Arbitraj!$AC$2:$AC$14,0)) -> DPI | C15: =INDEX(V_Arbitraj!B$2:B$14,MATCH(LARGE(V_Arbitraj!$AC$2:$AC$14,ROW()-3),V_Arbitraj!$AC$2:$AC$14,0)) -> Deniz Portföy İstatistiksel Arbitraj Hisse Senedi Serbest Fon (Hisse Senedi Yoğun Fon) | D15: =INDEX(V_Arbitraj!C$2:C$14,MATCH(LARGE(V_Arbitraj!$AC$2:$AC$14,ROW()-3),V_Arbitraj!$AC$2:$AC$14,0)) -> Deniz Portföy | E15: =INDEX(V_Arbitraj!D$2:D$14,MATCH(LARGE(V_Arbitraj!$AC$2:$AC$14,ROW()-3),V_Arbitraj!$AC$2:$AC$14,0)) -> 0.0325 | F15: =INDEX(V_Arbitraj!E$2:E$14,MATCH(LARGE(V_Arbitraj!$AC$2:$AC$14,ROW()-3),V_Arbitraj!$AC$2:$AC$14,0)) -> 0.035155975 | G15: =INDEX(V_Arbitraj!F$2:F$14,MATCH(LARGE(V_Arbitraj!$AC$2:$AC$14,ROW()-3),V_Arbitraj!$AC$2:$AC$14,0)) -> 0.63732318 | H15: =INDEX(V_Arbitraj!G$2:G$14,MATCH(LARGE(V_Arbitraj!$AC$2:$AC$14,ROW()-3),V_Arbitraj!$AC$2:$AC$14,0)) -> 2.4946599 | I15: =INDEX(V_Arbitraj!H$2:H$14,MATCH(LARGE(V_Arbitraj!$AC$2:$AC$14,ROW()-3),V_Arbitraj!$AC$2:$AC$14,0)) -> 19.813222 | ... AB15: =INDEX(V_Arbitraj!AA$2:AA$14,MATCH(LARGE(V_Arbitraj!$AC$2:$AC$14,ROW()-3),V_Arbitraj!$AC$2:$AC$14,0)) -> 1.0347
A16: 13 | B16: =INDEX(V_Arbitraj!A$2:A$14,MATCH(LARGE(V_Arbitraj!$AC$2:$AC$14,ROW()-3),V_Arbitraj!$AC$2:$AC$14,0)) -> UZY | C16: =INDEX(V_Arbitraj!B$2:B$14,MATCH(LARGE(V_Arbitraj!$AC$2:$AC$14,ROW()-3),V_Arbitraj!$AC$2:$AC$14,0)) -> Ünlü Portföy İkinci İstatistiksel Arbitraj Serbest Fon | D16: =INDEX(V_Arbitraj!C$2:C$14,MATCH(LARGE(V_Arbitraj!$AC$2:$AC$14,ROW()-3),V_Arbitraj!$AC$2:$AC$14,0)) -> Ünlü Portföy | E16: =INDEX(V_Arbitraj!D$2:D$14,MATCH(LARGE(V_Arbitraj!$AC$2:$AC$14,ROW()-3),V_Arbitraj!$AC$2:$AC$14,0)) -> 0.03 | F16: =INDEX(V_Arbitraj!E$2:E$14,MATCH(LARGE(V_Arbitraj!$AC$2:$AC$14,ROW()-3),V_Arbitraj!$AC$2:$AC$14,0)) -> -0.035231897 | G16: =INDEX(V_Arbitraj!F$2:F$14,MATCH(LARGE(V_Arbitraj!$AC$2:$AC$14,ROW()-3),V_Arbitraj!$AC$2:$AC$14,0)) -> 0.56923257 | H16: =INDEX(V_Arbitraj!G$2:G$14,MATCH(LARGE(V_Arbitraj!$AC$2:$AC$14,ROW()-3),V_Arbitraj!$AC$2:$AC$14,0)) -> 434.52364 | I16: =INDEX(V_Arbitraj!H$2:H$14,MATCH(LARGE(V_Arbitraj!$AC$2:$AC$14,ROW()-3),V_Arbitraj!$AC$2:$AC$14,0)) -> 86.579077 | ... AB16: =INDEX(V_Arbitraj!AA$2:AA$14,MATCH(LARGE(V_Arbitraj!$AC$2:$AC$14,ROW()-3),V_Arbitraj!$AC$2:$AC$14,0)) -> 1

Sheet V_Mutlak Getiri
A1: Fon Kodu | B1: Mutlak Getiri Fonları | C1: Yönetici | D1: FYÜ% | E1: Günlük% | F1: Haftalık | G1: Aylık | H1: Yılbaşına Göre | I1: Yıllık | J1: Yatırımcı Sayısı T-30 | K1: Yatırımcı Sayısı T-1 | L1: YS Değişim | M1: Önceki Ay FTD | N1: T-1 FTD | O1: FTD Değişim | P1: Standart Sapma (Aylık) | Q1: TEFAS Durumu | R1: Mevduat (TL) | S1: Vadeli İşlemler Nakit Teminatları | T1: Ters Repo Oranı | U1: Hisse Oranı | V1: Para Piyasaları Oranı | W1: Yatırım Fonları Katılma Payları | X1: Özel Tahvil/Bono Oranı | Y1: Finansman Bonosu Oranı | Z1: Diğer Oran | AA1: Toplam
A2: ZBO | B2: Ziraat Portföy Mutlak Getiri Hedefli Hisse Senedi Serbest Fon (Hisse Senedi Yoğun Fon) | C2: Ziraat Portföy | D2: 0.025 | E2: 1.9492138 | F2: 1.7721178 | G2: 1.7123685 | H2: 16.043799 | I2: 21.34745 | J2: 236 | K2: 224 | L2: -0.050847458 | M2: 4.2819234e+08 | N2: 4.3996471e+08 | O2: 0.027493182 | P2: 0.71209864 | Q2: Görüyor | R2: 0 | S2: 0.1196 | T2: 0.0019 | U2: 0.8785 | V2: 0 | W2: 0 | X2: 0 | Y2: 0 | Z2: 0 | AA2: 1 | AC2: =IF(ISNUMBER(INDEX($A$2:$AA$25,1,MATCH('Mutlak Getiri'!$E$2,$A$1:$AA$1,0))),INDEX($A$2:$AA$25,1,MATCH('Mutlak Getiri'!$E$2,$A$1:$AA$1,0)),-1000000000)-ROW()/10000000 -> 1.9492136
A3: MUT | B3: Garanti Portföy Mutlak Getiri Hedefli Hisse Senedi Serbest Fon (Hisse Senedi Yoğun Fon) | C3: Garanti Portföy | D3: 0.025 | E3: 1.481044 | F3: 1.7560271 | G3: 0.23858356 | H3: 11.529715 | I3: 30.330121 | J3: 1617 | K3: 1488 | L3: -0.079777365 | M3: 9.5569491e+08 | N3: 8.2845251e+08 | O3: -0.13314124 | P3: 0.43467098 | Q3: Görüyor | R3: 0 | S3: 0.2014 | T3: 0 | U3: 0.7977 | V3: 0.0005 | W3: 0.0004 | X3: 0 | Y3: 0 | Z3: 0 | AA3: 1 | AC3: =IF(ISNUMBER(INDEX($A$2:$AA$25,2,MATCH('Mutlak Getiri'!$E$2,$A$1:$AA$1,0))),INDEX($A$2:$AA$25,2,MATCH('Mutlak Getiri'!$E$2,$A$1:$AA$1,0)),-1000000000)-ROW()/10000000 -> 1.4810437
A4: FYF | B4: Strateji Portföy Mutlak Getiri Hedefli Hisse Senedi Serbest Fon(hisse Senedi Yoğun) | C4: Strateji Portföy | D4: 0.025 | E4: 1.3986767 | F4: 1.2955648 | G4: 0.082116083 | H4: 8.8649762 | I4: 26.860719 | J4: 11 | K4: 11 | L4: 0 | M4: 36302541 | N4: 36332176 | O4: 0.00081632661 | P4: 0.40262568 | Q4: Görmüyor | R4: 0 | S4: 0.1952 | T4: 0 | U4: 0.8048 | V4: 0 | W4: 0 | X4: 0 | Y4: 0 | Z4: 0 | AA4: 1 | AC4: =IF(ISNUMBER(INDEX($A$2:$AA$25,3,MATCH('Mutlak Getiri'!$E$2,$A$1:$AA$1,0))),INDEX($A$2:$AA$25,3,MATCH('Mutlak Getiri'!$E$2,$A$1:$AA$1,0)),-1000000000)-ROW()/10000000 -> 1.3986763
A5: MGH | B5: Teb Portföy Mutlak Getiri Hedefli Hisse Senedi Serbest Fon (Hisse Senedi Yoğun Fon) | C5: Teb Portföy | D5: 0.025 | E5: 0.41892707 | F5: 0.35725354 | G5: 0.84961332 | H5: 10.692413 | I5: 26.111411 | J5: 799 | K5: 756 | L5: -0.053817272 | M5: 5.1599768e+08 | N5: 4.7466932e+08 | O5: -0.080094088 | P5: 0.31492924 | Q5: Görüyor | R5: 0.0046 | S5: 0.1633 | T5: 0 | U5: 0.8321 | V5: 0 | W5: 0 | X5: 0 | Y5: 0 | Z5: 0 | AA5: 1 | AC5: =IF(ISNUMBER(INDEX($A$2:$AA$25,4,MATCH('Mutlak Getiri'!$E$2,$A$1:$AA$1,0))),INDEX($A$2:$AA$25,4,MATCH('Mutlak Getiri'!$E$2,$A$1:$AA$1,0)),-1000000000)-ROW()/10000000 -> 0.41892657
A6: HMG | B6: Hsbc Pyş Mutlak Getiri Hedefli Hisse Senedi Serbest (TL) Fon(hisse Senedi Yoğun Fon) | C6: Hsbc Portföy | D6: 0.025 | E6: 0.33762205 | F6: 0.75440579 | G6: 3.0375912 | H6: 13.91474 | I6: 27.731743 | J6: 5574 | K6: 6253 | L6: 0.12181557 | M6: 4.3668118e+09 | N6: 6.9980435e+09 | O6: 0.60255212 | P6: 0.15620986 | Q6: Görüyor | R6: 0 | S6: 0.1373 | T6: 0 | U6: 0.8059 | V6: 0.0568 | W6: 0 | X6: 0 | Y6: 0 | Z6: 0 | AA6: 1 | AC6: =IF(ISNUMBER(INDEX($A$2:$AA$25,5,MATCH('Mutlak Getiri'!$E$2,$A$1:$AA$1,0))),INDEX($A$2:$AA$25,5,MATCH('Mutlak Getiri'!$E$2,$A$1:$AA$1,0)),-1000000000)-ROW()/10000000 -> 0.33762145
A7: MTG | B7: Deniz Portföy Mutlak Getiri Hedefli Hisse Senedi Serbest Fon (Hisse Senedi Yogun Fon) | C7: Deniz Portföy | D7: 0.02 | E7: 0.32713565 | F7: 1.2618476 | G7: 3.5013027 | H7: 17.8574 | I7: 35.491803 | J7: 191 | K7: 216 | L7: 0.13089005 | M7: 67826190 | N7: 1.4337562e+08 | O7: 1.1138682 | P7: 0.29768734 | Q7: Görüyor | R7: 0.0053 | S7: 0.1633 | T7: 0 | U7: 0.8278 | V7: 0.0036 | W7: 0 | X7: 0 | Y7: 0 | Z7: 0 | AA7: 1 | AC7: =IF(ISNUMBER(INDEX($A$2:$AA$25,6,MATCH('Mutlak Getiri'!$E$2,$A$1:$AA$1,0))),INDEX($A$2:$AA$25,6,MATCH('Mutlak Getiri'!$E$2,$A$1:$AA$1,0)),-1000000000)-ROW()/10000000 -> 0.32713495
A8: BHI | B8: BV Portföy Mutlak Getiri Hedefli Hisse Senedi Serbest (TL) Fon (Hisse Senedi Yoğun Fon) | C8: BV Portföy | D8: 0.0315 | E8: 0.26088992 | F8: 0.7929963 | G8: 3.1946899 | H8: 23.162877 | I8: 45.110929 | J8: 392 | K8: 419 | L8: 0.068877551 | M8: 1.2172715e+09 | N8: 1.6582624e+09 | O8: 0.36227817 | P8: 0.069113092 | Q8: Görüyor | R8: 0 | S8: 0.1183 | T8: 0 | U8: 0.7239 | V8: 0.0911 | W8: 0.0098 | X8: 0 | Y8: 0.0214 | Z8: 0 | AA8: 0.9645 | AC8: =IF(ISNUMBER(INDEX($A$2:$AA$25,7,MATCH('Mutlak Getiri'!$E$2,$A$1:$AA$1,0))),INDEX($A$2:$AA$25,7,MATCH('Mutlak Getiri'!$E$2,$A$1:$AA$1,0)),-1000000000)-ROW()/10000000 -> 0.26088912
A9: PPM | B9: Piramit Portföy Mutlak Getiri Hedefli Hisse Senedi Serbest Fon (Hisse Senedi Yoğun Fon) | C9: Piramit Portföy | D9: 0.021 | E9: 0.2455957 | F9: 0.70794727 | G9: 2.9798184 | H9: 20.639164 | I9: 43.99956 | J9: 176 | K9: 160 | L9: -0.090909091 | M9: 1.9917914e+08 | N9: 1.4904602e+08 | O9: -0.25169867 | P9: 0.1098545 | Q9: Görüyor | R9: 0 | S9: 0.1619 | T9: 0 | U9: 0.7711 | V9: 0.067 | W9: 0 | X9: 0 | Y9: 0 | Z9: 0 | AA9: 1 | AC9: =IF(ISNUMBER(INDEX($A$2:$AA$25,8,MATCH('Mutlak Getiri'!$E$2,$A$1:$AA$1,0))),INDEX($A$2:$AA$25,8,MATCH('Mutlak Getiri'!$E$2,$A$1:$AA$1,0)),-1000000000)-ROW()/10000000 -> 0.2455948
A10: YMH | B10: Yapı Kredi Portföy Mutlak Getiri Hedefli Hisse Senedi Serbest Fon (Hisse Senedi Yoğun Fon) | C10: Yapı Kredi Portföy | D10: 0.025 | E10: 0.24435881 | F10: 0.75507441 | G10: 2.7342877 | H10: 16.941572 | I10: 34.710576 | J10: 337 | K10: 324 | L10: -0.038575668 | M10: 4.9653936e+08 | N10: 4.6001258e+08 | O10: -0.07356272 | P10: 0.12551743 | Q10: Görüyor | R10: 0 | S10: 0.1529 | T10: 0 | U10: 0.8471 | V10: 0 | W10: 0 | X10: 0 | Y10: 0 | Z10: 0 | AA10: 1 | AC10: =IF(ISNUMBER(INDEX($A$2:$AA$25,9,MATCH('Mutlak Getiri'!$E$2,$A$1:$AA$1,0))),INDEX($A$2:$AA$25,9,MATCH('Mutlak Getiri'!$E$2,$A$1:$AA$1,0)),-1000000000)-ROW()/10000000 -> 0.24435781
A11: HIM | B11: Hedef Portföy İkinci Mutlak Getiri Hedefli Hisse Senedi Serbest Fon (Hisse Senedi Yoğun Fon) | C11: Hedef Portföy | D11: 0.0375 | E11: 0.23000999 | F11: 0.73601611 | G11: 2.5024083 | H11: 19.216482 | I11: 39.373227 | J11: 256 | K11: 228 | L11: -0.109375 | M11: 3.2637782e+08 | N11: 2.7981272e+08 | O11: -0.14267237 | P11: 0.094741695 | Q11: Görüyor | R11: 0 | S11: 0.062 | T11: 0 | U11: 0.8491 | V11: -0.2825 | W11: 0.2037 | X11: 0 | Y11: 0.1293 | Z11: -0.0001 | AA11: 0.9615 | AC11: =IF(ISNUMBER(INDEX($A$2:$AA$25,10,MATCH('Mutlak Getiri'!$E$2,$A$1:$AA$1,0))),INDEX($A$2:$AA$25,10,MATCH('Mutlak Getiri'!$E$2,$A$1:$AA$1,0)),-1000000000)-ROW()/10000000 -> 0.23000889
A12: HVN | B12: Hedef Portföy Mutlak Getiri Hedefli Hisse Senedi Serbest Fon (Hisse Senedi Yoğun Fon) | C12: Hedef Portföy | D12: 0.03 | E12: 0.20888717 | F12: 0.37808978 | G12: 0.77806535 | H12: 12.753732 | I12: 15.035409 | J12: 12 | K12: 12 | L12: 0 | M12: 5721873.8 | N12: 5766394.4 | O12: 0.0077807746 | P12: 0.17897 | Q12: Görmüyor | R12: 0 | S12: 0.1372 | T12: 0 | U12: 0.8225 | V12: 0 | W12: 0.0403 | X12: 0 | Y12: 0 | Z12: 0 | AA12: 1 | AC12: =IF(ISNUMBER(INDEX($A$2:$AA$25,11,MATCH('Mutlak Getiri'!$E$2,$A$1:$AA$1,0))),INDEX($A$2:$AA$25,11,MATCH('Mutlak Getiri'!$E$2,$A$1:$AA$1,0)),-1000000000)-ROW()/10000000 -> 0.20888597
A13: HDK | B13: Hedef Portföy Vega İstatistiksel Arbitraj Hisse Senedi Serbest Fon (Hisse Senedi Yoğun Fon) | C13: Hedef Portföy | D13: 0.05 | E13: 0.20658773 | F13: 0.62806026 | G13: 1.4120367 | H13: 13.751954 | I13: 29.539553 | J13: 141 | K13: 131 | L13: -0.070921986 | M13: 12059302 | N13: 12092221 | O13: 0.0027297143 | P13: 0.21344561 | Q13: Görüyor | R13: 0 | S13: 0.2107 | T13: 0 | U13: 0.7881 | V13: 0 | W13: 0.0012 | X13: 0 | Y13: 0 | Z13: 0 | AA13: 1 | AC13: =IF(ISNUMBER(INDEX($A$2:$AA$25,12,MATCH('Mutlak Getiri'!$E$2,$A$1:$AA$1,0))),INDEX($A$2:$AA$25,12,MATCH('Mutlak Getiri'!$E$2,$A$1:$AA$1,0)),-1000000000)-ROW()/10000000 -> 0.20658643
A14: HAT | B14: Hedef Portföy Atlas İstatistiksel Arbitraj Hisse Senedi Serbest Fon (Hisse Senedi Yoğun Fon) | C14: Hedef Portföy | D14: 0.04 | E14: 0.18778322 | F14: 0.4862458 | G14: 0.4941141 | H14: 11.563205 | I14: 28.827835 | J14: 104 | K14: 95 | L14: -0.086538462 | M14: 5603384.9 | N14: 5021970.7 | O14: -0.10376125 | P14: 0.27257193 | Q14: Görüyor | R14: 0 | S14: 0.1387 | T14: 0 | U14: 0.8613 | V14: 0 | W14: 0 | X14: 0 | Y14: 0 | Z14: 0 | AA14: 1 | AC14: =IF(ISNUMBER(INDEX($A$2:$AA$25,13,MATCH('Mutlak Getiri'!$E$2,$A$1:$AA$1,0))),INDEX($A$2:$AA$25,13,MATCH('Mutlak Getiri'!$E$2,$A$1:$AA$1,0)),-1000000000)-ROW()/10000000 -> 0.18778182
A15: HIS | B15: Hedef Portföy İkinci İstatistiksel Arbitraj Hisse Senedi Serbest Fon (Hisse Senedi Yoğun Fon) | C15: Hedef Portföy | D15: 0.03 | E15: 0.16430435 | F15: -0.38670011 | G15: -4.86366 | H15: -11.607927 | I15: -0.88345186 | J15: 12 | K15: 12 | L15: 0 | M15: 1378896.8 | N15: 1311831.8 | O15: -0.048636664 | P15: 0.60830612 | Q15: Görmüyor | R15: 0 | S15: 0.1743 | T15: 0 | U15: 0.8257 | V15: 0 | W15: 0 | X15: 0 | Y15: 0 | Z15: 0 | AA15: 1 | AC15: =IF(ISNUMBER(INDEX($A$2:$AA$25,14,MATCH('Mutlak Getiri'!$E$2,$A$1:$AA$1,0))),INDEX($A$2:$AA$25,14,MATCH('Mutlak Getiri'!$E$2,$A$1:$AA$1,0)),-1000000000)-ROW()/10000000 -> 0.16430285
A16: IAU | B16: Pardus Portföy İkinci İstatistiksel Arbitraj Hisse Senedi Serbest (TL) Fon (Hisse Senedi Yoğun Fon) | C16: Pardus Portföy | D16: 0.015 | E16: 0.1322994 | F16: 0.92091705 | G16: 2.5360555 | H16: 18.711228 | I16: 38.970697 | J16: 257 | K16: 236 | L16: -0.081712062 | M16: 35472965 | N16: 34591595 | O16: -0.024846242 | P16: 0.14579377 | Q16: Görüyor | R16: 0 | S16: 0.1658 | T16: 0 | U16: 0.8342 | V16: 0 | W16: 0 | X16: 0 | Y16: 0 | Z16: 0 | AA16: 1 | AC16: =IF(ISNUMBER(INDEX($A$2:$AA$25,15,MATCH('Mutlak Getiri'!$E$2,$A$1:$AA$1,0))),INDEX($A$2:$AA$25,15,MATCH('Mutlak Getiri'!$E$2,$A$1:$AA$1,0)),-1000000000)-ROW()/10000000 -> 0.1322978
A17: KIH | B17: Kare Portföy İstatistiksel Arbitraj Serbest Fon | C17: Kare Portföy | D17: 0.04 | E17: 0.1244869 | F17: 0.65235813 | G17: 3.0859843 | H17: 18.418742 | I17: 32.8921 | J17: 36 | K17: 27 | L17: -0.25 | M17: 55918968 | N17: 57641359 | O17: 0.030801547 | P17: 0.062805177 | Q17: Görüyor | R17: 0 | S17: 0.134 | T17: 0.866 | U17: 0 | V17: 0 | W17: 0 | X17: 0 | Y17: 0 | Z17: 0 | AA17: 1 | AC17: =IF(ISNUMBER(INDEX($A$2:$AA$25,16,MATCH('Mutlak Getiri'!$E$2,$A$1:$AA$1,0))),INDEX($A$2:$AA$25,16,MATCH('Mutlak Getiri'!$E$2,$A$1:$AA$1,0)),-1000000000)-ROW()/10000000 -> 0.1244852
A18: HEH | B18: Hedef Portföy Algo Everest İstatistiksel Arbitraj Hisse Senedi Serbest Fon (Hisse Senedi Yoğun Fon) | C18: Hedef Portföy | D18: 0.045 | E18: 0.10277912 | F18: 0.65867394 | G18: 3.3929801 | H18: 20.150447 | I18: 40.569252 | J18: 1653 | K18: 1590 | L18: -0.038112523 | M18: 6.618098e+08 | N18: 6.6726691e+08 | O18: 0.0082457295 | P18: 0.10969075 | Q18: Görüyor | R18: 0 | S18: 0.194 | T18: 0 | U18: 0.806 | V18: 0 | W18: 0 | X18: 0 | Y18: 0 | Z18: 0 | AA18: 1 | AC18: =IF(ISNUMBER(INDEX($A$2:$AA$25,17,MATCH('Mutlak Getiri'!$E$2,$A$1:$AA$1,0))),INDEX($A$2:$AA$25,17,MATCH('Mutlak Getiri'!$E$2,$A$1:$AA$1,0)),-1000000000)-ROW()/10000000 -> 0.10277732
A19: SPN | B19: Azimut Portföy İstatistiksel Arbitraj Hisse Senedi Serbest Fon (Hisse Senedi Yoğun Fon) | C19: Azimut Portföy | D19: 0.032 | E19: 0.077396941 | F19: 0.62015406 | G19: 2.3356662 | H19: 18.552549 | I19: 39.604152 | J19: 427 | K19: 399 | L19: -0.06557377 | M19: 1.8197439e+09 | N19: 1.8358422e+09 | O19: 0.0088464551 | P19: 0.18783413 | Q19: Görüyor | R19: 0 | S19: 0.0615 | T19: 0 | U19: 0.8127 | V19: 0 | W19: 0.0142 | X19: 0.0228 | Y19: 0.2337 | Z19: 0 | AA19: 1.1449 | AC19: =IF(ISNUMBER(INDEX($A$2:$AA$25,18,MATCH('Mutlak Getiri'!$E$2,$A$1:$AA$1,0))),INDEX($A$2:$AA$25,18,MATCH('Mutlak Getiri'!$E$2,$A$1:$AA$1,0)),-1000000000)-ROW()/10000000 -> 0.077395041
A20: LTC | B20: AK Portföy Birinci İstatistiksel Arbitraj Hisse Senedi Serbest Fon (Hisse Senedi Yoğun Fon) | C20: AK Portföy | D20: 0.015 | E20: 0.023914023 | F20: 0.93286155 | G20: 2.2445192 | H20: 17.693521 | I20: 38.493545 | J20: 356 | K20: 338 | L20: -0.050561798 | M20: 15414332 | N20: 15468526 | O20: 0.003515832 | P20: 0.19027612 | Q20: Görmüyor | R20: 0 | S20: 0.1207 | T20: 0 | U20: 0.8621 | V20: 0.0172 | W20: 0 | X20: 0 | Y20: 0 | Z20: 0 | AA20: 1 | AC20: =IF(ISNUMBER(INDEX($A$2:$AA$25,19,MATCH('Mutlak Getiri'!$E$2,$A$1:$AA$1,0))),INDEX($A$2:$AA$25,19,MATCH('Mutlak Getiri'!$E$2,$A$1:$AA$1,0)),-1000000000)-ROW()/10000000 -> 0.023912023
A21: MTF | B21: MT Portföy Birinci İstatistiksel Arbitraj Hisse Senedi Serbest (TL) Fon (Hisse Senedi Yoğun Fon) | C21: MT Portföy | D21: 0.0315 | E21: -0.043452796 | F21: 0.61025944 | G21: 1.8756122 | H21: 17.35533 | I21: 32.885594 | J21: 43 | K21: 43 | L21: 0 | M21: 66666618 | N21: 68828666 | O21: 0.032430733 | P21: 0.20111589 | Q21: Görüyor | R21: 0.0166 | S21: 0.0877 | T21: 0 | U21: 0.8957 | V21: 0 | W21: 0 | X21: 0 | Y21: 0 | Z21: 0 | AA21: 1 | AC21: =IF(ISNUMBER(INDEX($A$2:$AA$25,20,MATCH('Mutlak Getiri'!$E$2,$A$1:$AA$1,0))),INDEX($A$2:$AA$25,20,MATCH('Mutlak Getiri'!$E$2,$A$1:$AA$1,0)),-1000000000)-ROW()/10000000 -> -0.043454896
A22: NSH | B22: Nurol Portföy İstatistiksel Arbitraj Hisse Senedi Serbest Fon (Hisse Senedi Yoğun Fon) | C22: Nurol Portföy | D22: 0.04 | E22: -0.19094002 | F22: 0.40784103 | G22: 2.2881274 | H22: 21.448497 | I22: 43.100585 | J22: 1288 | K22: 1283 | L22: -0.0038819876 | M22: 1.4906067e+09 | N22: 1.7980769e+09 | O22: 0.20627181 | P22: 0.14717034 | Q22: Görüyor | R22: 0 | S22: 0.2431 | T22: 0 | U22: 0.8609 | V22: 0 | W22: 0.0007 | X22: 0 | Y22: 0 | Z22: 0 | AA22: 1.1047 | AC22: =IF(ISNUMBER(INDEX($A$2:$AA$25,21,MATCH('Mutlak Getiri'!$E$2,$A$1:$AA$1,0))),INDEX($A$2:$AA$25,21,MATCH('Mutlak Getiri'!$E$2,$A$1:$AA$1,0)),-1000000000)-ROW()/10000000 -> -0.19094222
A23: HDA | B23: Hedef Portföy Dördüncü İstatistiksel Arbitraj Hisse Senedi Serbest (TL) Fon (Hisse Senedi Yoğun Fon) | C23: Hedef Portföy | D23: 0.035 | E23: -0.24379802 | F23: 0.18771924 | G23: 1.886673 | H23: 17.535776 | I23: 37.500812 | J23: 665 | K23: 594 | L23: -0.10676692 | M23: 3.4954044e+08 | N23: 1.3050923e+08 | O23: -0.62662623 | P23: 0.16502928 | Q23: Görüyor | R23: 0 | S23: -0.034 | T23: 0 | U23: 0.955 | V23: 0 | W23: 0.079 | X23: 0 | Y23: 0 | Z23: 0 | AA23: 1 | AC23: =IF(ISNUMBER(INDEX($A$2:$AA$25,22,MATCH('Mutlak Getiri'!$E$2,$A$1:$AA$1,0))),INDEX($A$2:$AA$25,22,MATCH('Mutlak Getiri'!$E$2,$A$1:$AA$1,0)),-1000000000)-ROW()/10000000 -> -0.24380032
A24: FS5 | B24: One Portföy Birinci İstatistiksel Arbitraj Hisse Senedi Serbest Fon (Hisse Senedi Yoğun Fon) | C24: One Portföy | D24: 0.035 | E24: -0.26980356 | F24: -2.3070321 | G24: -14.618383 | H24: -10.005207 | I24: 4.1603631 | J24: 11 | K24: 9 | L24: -0.18181818 | M24: 12432621 | N24: 19960236 | O24: 0.60547289 | P24: 1.634994 | Q24: Görüyor | R24: 0 | S24: 0.0344 | T24: 0 | U24: 0.602 | V24: 0 | W24: 0.3636 | X24: 0 | Y24: 0 | Z24: 0 | AA24: 1 | AC24: =IF(ISNUMBER(INDEX($A$2:$AA$25,23,MATCH('Mutlak Getiri'!$E$2,$A$1:$AA$1,0))),INDEX($A$2:$AA$25,23,MATCH('Mutlak Getiri'!$E$2,$A$1:$AA$1,0)),-1000000000)-ROW()/10000000 -> -0.26980596
A25: MGB | B25: İŞ Portföy Mutlak Getiri Hedefli Hisse Senedi Serbest Fon (Hisse Senedi Yoğun Fon) | C25: İŞ Portföy | D25: 0.032 | E25: -0.6391879 | F25: -1.5431967 | G25: -1.326148 | H25: 8.5681096 | I25: 28.867341 | J25: 548 | K25: 515 | L25: -0.060218978 | M25: 91408083 | N25: 69167685 | O25: -0.24330887 | P25: 0.50419896 | Q25: Görüyor | R25: 0 | S25: 0.1102 | T25: 0 | U25: 0.8898 | V25: 0 | W25: 0 | X25: 0 | Y25: 0 | Z25: 0 | AA25: 1 | AC25: =IF(ISNUMBER(INDEX($A$2:$AA$25,24,MATCH('Mutlak Getiri'!$E$2,$A$1:$AA$1,0))),INDEX($A$2:$AA$25,24,MATCH('Mutlak Getiri'!$E$2,$A$1:$AA$1,0)),-1000000000)-ROW()/10000000 -> -0.6391904

Sheet Mutlak Getiri
F1: 46216 | G1: 46210 | H1: 46185 | I1: 46022 | J1: 45852
B2: T-1: 14.07.2026 | D2: Sırala: | E2: Günlük%
B3: Fon Kodu | C3: Mutlak Getiri Fonları | D3: Yönetici | E3: FYÜ% | F3: Günlük% | G3: Haftalık | H3: Aylık | I3: Yılbaşına Göre | J3: Yıllık | K3: Yatırımcı Sayısı T-30 | L3: Yatırımcı Sayısı T-1 | M3: YS Değişim | N3: Önceki Ay FTD | O3: T-1 FTD | P3: FTD Değişim | Q3: Standart Sapma (Aylık) | R3: TEFAS Durumu | S3: Mevduat (TL) | T3: Vadeli İşlemler Nakit Teminatları | U3: Ters Repo Oranı | V3: Hisse Oranı | W3: Para Piyasaları Oranı | X3: Yatırım Fonları Katılma Payları | Y3: Özel Tahvil/Bono Oranı | Z3: Finansman Bonosu Oranı | AA3: Diğer Oran | AB3: Toplam
A4: 1 | B4: =INDEX('V_Mutlak Getiri'!A$2:A$25,MATCH(LARGE('V_Mutlak Getiri'!$AC$2:$AC$25,ROW()-3),'V_Mutlak Getiri'!$AC$2:$AC$25,0)) -> ZBO | C4: =INDEX('V_Mutlak Getiri'!B$2:B$25,MATCH(LARGE('V_Mutlak Getiri'!$AC$2:$AC$25,ROW()-3),'V_Mutlak Getiri'!$AC$2:$AC$25,0)) -> Ziraat Portföy Mutlak Getiri Hedefli Hisse Senedi Serbest Fon (Hisse Senedi Yoğun Fon) | D4: =INDEX('V_Mutlak Getiri'!C$2:C$25,MATCH(LARGE('V_Mutlak Getiri'!$AC$2:$AC$25,ROW()-3),'V_Mutlak Getiri'!$AC$2:$AC$25,0)) -> Ziraat Portföy | E4: =INDEX('V_Mutlak Getiri'!D$2:D$25,MATCH(LARGE('V_Mutlak Getiri'!$AC$2:$AC$25,ROW()-3),'V_Mutlak Getiri'!$AC$2:$AC$25,0)) -> 0.025 | F4: =INDEX('V_Mutlak Getiri'!E$2:E$25,MATCH(LARGE('V_Mutlak Getiri'!$AC$2:$AC$25,ROW()-3),'V_Mutlak Getiri'!$AC$2:$AC$25,0)) -> 1.9492138 | G4: =INDEX('V_Mutlak Getiri'!F$2:F$25,MATCH(LARGE('V_Mutlak Getiri'!$AC$2:$AC$25,ROW()-3),'V_Mutlak Getiri'!$AC$2:$AC$25,0)) -> 1.7721178 | H4: =INDEX('V_Mutlak Getiri'!G$2:G$25,MATCH(LARGE('V_Mutlak Getiri'!$AC$2:$AC$25,ROW()-3),'V_Mutlak Getiri'!$AC$2:$AC$25,0)) -> 1.7123685 | I4: =INDEX('V_Mutlak Getiri'!H$2:H$25,MATCH(LARGE('V_Mutlak Getiri'!$AC$2:$AC$25,ROW()-3),'V_Mutlak Getiri'!$AC$2:$AC$25,0)) -> 16.043799 | ... AB4: =INDEX('V_Mutlak Getiri'!AA$2:AA$25,MATCH(LARGE('V_Mutlak Getiri'!$AC$2:$AC$25,ROW()-3),'V_Mutlak Getiri'!$AC$2:$AC$25,0)) -> 1
A5: 2 | B5: =INDEX('V_Mutlak Getiri'!A$2:A$25,MATCH(LARGE('V_Mutlak Getiri'!$AC$2:$AC$25,ROW()-3),'V_Mutlak Getiri'!$AC$2:$AC$25,0)) -> MUT | C5: =INDEX('V_Mutlak Getiri'!B$2:B$25,MATCH(LARGE('V_Mutlak Getiri'!$AC$2:$AC$25,ROW()-3),'V_Mutlak Getiri'!$AC$2:$AC$25,0)) -> Garanti Portföy Mutlak Getiri Hedefli Hisse Senedi Serbest Fon (Hisse Senedi Yoğun Fon) | D5: =INDEX('V_Mutlak Getiri'!C$2:C$25,MATCH(LARGE('V_Mutlak Getiri'!$AC$2:$AC$25,ROW()-3),'V_Mutlak Getiri'!$AC$2:$AC$25,0)) -> Garanti Portföy | E5: =INDEX('V_Mutlak Getiri'!D$2:D$25,MATCH(LARGE('V_Mutlak Getiri'!$AC$2:$AC$25,ROW()-3),'V_Mutlak Getiri'!$AC$2:$AC$25,0)) -> 0.025 | F5: =INDEX('V_Mutlak Getiri'!E$2:E$25,MATCH(LARGE('V_Mutlak Getiri'!$AC$2:$AC$25,ROW()-3),'V_Mutlak Getiri'!$AC$2:$AC$25,0)) -> 1.481044 | G5: =INDEX('V_Mutlak Getiri'!F$2:F$25,MATCH(LARGE('V_Mutlak Getiri'!$AC$2:$AC$25,ROW()-3),'V_Mutlak Getiri'!$AC$2:$AC$25,0)) -> 1.7560271 | H5: =INDEX('V_Mutlak Getiri'!G$2:G$25,MATCH(LARGE('V_Mutlak Getiri'!$AC$2:$AC$25,ROW()-3),'V_Mutlak Getiri'!$AC$2:$AC$25,0)) -> 0.23858356 | I5: =INDEX('V_Mutlak Getiri'!H$2:H$25,MATCH(LARGE('V_Mutlak Getiri'!$AC$2:$AC$25,ROW()-3),'V_Mutlak Getiri'!$AC$2:$AC$25,0)) -> 11.529715 | ... AB5: =INDEX('V_Mutlak Getiri'!AA$2:AA$25,MATCH(LARGE('V_Mutlak Getiri'!$AC$2:$AC$25,ROW()-3),'V_Mutlak Getiri'!$AC$2:$AC$25,0)) -> 1
A6: 3 | B6: =INDEX('V_Mutlak Getiri'!A$2:A$25,MATCH(LARGE('V_Mutlak Getiri'!$AC$2:$AC$25,ROW()-3),'V_Mutlak Getiri'!$AC$2:$AC$25,0)) -> FYF | C6: =INDEX('V_Mutlak Getiri'!B$2:B$25,MATCH(LARGE('V_Mutlak Getiri'!$AC$2:$AC$25,ROW()-3),'V_Mutlak Getiri'!$AC$2:$AC$25,0)) -> Strateji Portföy Mutlak Getiri Hedefli Hisse Senedi Serbest Fon(hisse Senedi Yoğun) | D6: =INDEX('V_Mutlak Getiri'!C$2:C$25,MATCH(LARGE('V_Mutlak Getiri'!$AC$2:$AC$25,ROW()-3),'V_Mutlak Getiri'!$AC$2:$AC$25,0)) -> Strateji Portföy | E6: =INDEX('V_Mutlak Getiri'!D$2:D$25,MATCH(LARGE('V_Mutlak Getiri'!$AC$2:$AC$25,ROW()-3),'V_Mutlak Getiri'!$AC$2:$AC$25,0)) -> 0.025 | F6: =INDEX('V_Mutlak Getiri'!E$2:E$25,MATCH(LARGE('V_Mutlak Getiri'!$AC$2:$AC$25,ROW()-3),'V_Mutlak Getiri'!$AC$2:$AC$25,0)) -> 1.3986767 | G6: =INDEX('V_Mutlak Getiri'!F$2:F$25,MATCH(LARGE('V_Mutlak Getiri'!$AC$2:$AC$25,ROW()-3),'V_Mutlak Getiri'!$AC$2:$AC$25,0)) -> 1.2955648 | H6: =INDEX('V_Mutlak Getiri'!G$2:G$25,MATCH(LARGE('V_Mutlak Getiri'!$AC$2:$AC$25,ROW()-3),'V_Mutlak Getiri'!$AC$2:$AC$25,0)) -> 0.082116083 | I6: =INDEX('V_Mutlak Getiri'!H$2:H$25,MATCH(LARGE('V_Mutlak Getiri'!$AC$2:$AC$25,ROW()-3),'V_Mutlak Getiri'!$AC$2:$AC$25,0)) -> 8.8649762 | ... AB6: =INDEX('V_Mutlak Getiri'!AA$2:AA$25,MATCH(LARGE('V_Mutlak Getiri'!$AC$2:$AC$25,ROW()-3),'V_Mutlak Getiri'!$AC$2:$AC$25,0)) -> 1
A7: 4 | B7: =INDEX('V_Mutlak Getiri'!A$2:A$25,MATCH(LARGE('V_Mutlak Getiri'!$AC$2:$AC$25,ROW()-3),'V_Mutlak Getiri'!$AC$2:$AC$25,0)) -> MGH | C7: =INDEX('V_Mutlak Getiri'!B$2:B$25,MATCH(LARGE('V_Mutlak Getiri'!$AC$2:$AC$25,ROW()-3),'V_Mutlak Getiri'!$AC$2:$AC$25,0)) -> Teb Portföy Mutlak Getiri Hedefli Hisse Senedi Serbest Fon (Hisse Senedi Yoğun Fon) | D7: =INDEX('V_Mutlak Getiri'!C$2:C$25,MATCH(LARGE('V_Mutlak Getiri'!$AC$2:$AC$25,ROW()-3),'V_Mutlak Getiri'!$AC$2:$AC$25,0)) -> Teb Portföy | E7: =INDEX('V_Mutlak Getiri'!D$2:D$25,MATCH(LARGE('V_Mutlak Getiri'!$AC$2:$AC$25,ROW()-3),'V_Mutlak Getiri'!$AC$2:$AC$25,0)) -> 0.025 | F7: =INDEX('V_Mutlak Getiri'!E$2:E$25,MATCH(LARGE('V_Mutlak Getiri'!$AC$2:$AC$25,ROW()-3),'V_Mutlak Getiri'!$AC$2:$AC$25,0)) -> 0.41892707 | G7: =INDEX('V_Mutlak Getiri'!F$2:F$25,MATCH(LARGE('V_Mutlak Getiri'!$AC$2:$AC$25,ROW()-3),'V_Mutlak Getiri'!$AC$2:$AC$25,0)) -> 0.35725354 | H7: =INDEX('V_Mutlak Getiri'!G$2:G$25,MATCH(LARGE('V_Mutlak Getiri'!$AC$2:$AC$25,ROW()-3),'V_Mutlak Getiri'!$AC$2:$AC$25,0)) -> 0.84961332 | I7: =INDEX('V_Mutlak Getiri'!H$2:H$25,MATCH(LARGE('V_Mutlak Getiri'!$AC$2:$AC$25,ROW()-3),'V_Mutlak Getiri'!$AC$2:$AC$25,0)) -> 10.692413 | ... AB7: =INDEX('V_Mutlak Getiri'!AA$2:AA$25,MATCH(LARGE('V_Mutlak Getiri'!$AC$2:$AC$25,ROW()-3),'V_Mutlak Getiri'!$AC$2:$AC$25,0)) -> 1
A8: 5 | B8: =INDEX('V_Mutlak Getiri'!A$2:A$25,MATCH(LARGE('V_Mutlak Getiri'!$AC$2:$AC$25,ROW()-3),'V_Mutlak Getiri'!$AC$2:$AC$25,0)) -> HMG | C8: =INDEX('V_Mutlak Getiri'!B$2:B$25,MATCH(LARGE('V_Mutlak Getiri'!$AC$2:$AC$25,ROW()-3),'V_Mutlak Getiri'!$AC$2:$AC$25,0)) -> Hsbc Pyş Mutlak Getiri Hedefli Hisse Senedi Serbest (TL) Fon(hisse Senedi Yoğun Fon) | D8: =INDEX('V_Mutlak Getiri'!C$2:C$25,MATCH(LARGE('V_Mutlak Getiri'!$AC$2:$AC$25,ROW()-3),'V_Mutlak Getiri'!$AC$2:$AC$25,0)) -> Hsbc Portföy | E8: =INDEX('V_Mutlak Getiri'!D$2:D$25,MATCH(LARGE('V_Mutlak Getiri'!$AC$2:$AC$25,ROW()-3),'V_Mutlak Getiri'!$AC$2:$AC$25,0)) -> 0.025 | F8: =INDEX('V_Mutlak Getiri'!E$2:E$25,MATCH(LARGE('V_Mutlak Getiri'!$AC$2:$AC$25,ROW()-3),'V_Mutlak Getiri'!$AC$2:$AC$25,0)) -> 0.33762205 | G8: =INDEX('V_Mutlak Getiri'!F$2:F$25,MATCH(LARGE('V_Mutlak Getiri'!$AC$2:$AC$25,ROW()-3),'V_Mutlak Getiri'!$AC$2:$AC$25,0)) -> 0.75440579 | H8: =INDEX('V_Mutlak Getiri'!G$2:G$25,MATCH(LARGE('V_Mutlak Getiri'!$AC$2:$AC$25,ROW()-3),'V_Mutlak Getiri'!$AC$2:$AC$25,0)) -> 3.0375912 | I8: =INDEX('V_Mutlak Getiri'!H$2:H$25,MATCH(LARGE('V_Mutlak Getiri'!$AC$2:$AC$25,ROW()-3),'V_Mutlak Getiri'!$AC$2:$AC$25,0)) -> 13.91474 | ... AB8: =INDEX('V_Mutlak Getiri'!AA$2:AA$25,MATCH(LARGE('V_Mutlak Getiri'!$AC$2:$AC$25,ROW()-3),'V_Mutlak Getiri'!$AC$2:$AC$25,0)) -> 1
A9: 6 | B9: =INDEX('V_Mutlak Getiri'!A$2:A$25,MATCH(LARGE('V_Mutlak Getiri'!$AC$2:$AC$25,ROW()-3),'V_Mutlak Getiri'!$AC$2:$AC$25,0)) -> MTG | C9: =INDEX('V_Mutlak Getiri'!B$2:B$25,MATCH(LARGE('V_Mutlak Getiri'!$AC$2:$AC$25,ROW()-3),'V_Mutlak Getiri'!$AC$2:$AC$25,0)) -> Deniz Portföy Mutlak Getiri Hedefli Hisse Senedi Serbest Fon (Hisse Senedi Yogun Fon) | D9: =INDEX('V_Mutlak Getiri'!C$2:C$25,MATCH(LARGE('V_Mutlak Getiri'!$AC$2:$AC$25,ROW()-3),'V_Mutlak Getiri'!$AC$2:$AC$25,0)) -> Deniz Portföy | E9: =INDEX('V_Mutlak Getiri'!D$2:D$25,MATCH(LARGE('V_Mutlak Getiri'!$AC$2:$AC$25,ROW()-3),'V_Mutlak Getiri'!$AC$2:$AC$25,0)) -> 0.02 | F9: =INDEX('V_Mutlak Getiri'!E$2:E$25,MATCH(LARGE('V_Mutlak Getiri'!$AC$2:$AC$25,ROW()-3),'V_Mutlak Getiri'!$AC$2:$AC$25,0)) -> 0.32713565 | G9: =INDEX('V_Mutlak Getiri'!F$2:F$25,MATCH(LARGE('V_Mutlak Getiri'!$AC$2:$AC$25,ROW()-3),'V_Mutlak Getiri'!$AC$2:$AC$25,0)) -> 1.2618476 | H9: =INDEX('V_Mutlak Getiri'!G$2:G$25,MATCH(LARGE('V_Mutlak Getiri'!$AC$2:$AC$25,ROW()-3),'V_Mutlak Getiri'!$AC$2:$AC$25,0)) -> 3.5013027 | I9: =INDEX('V_Mutlak Getiri'!H$2:H$25,MATCH(LARGE('V_Mutlak Getiri'!$AC$2:$AC$25,ROW()-3),'V_Mutlak Getiri'!$AC$2:$AC$25,0)) -> 17.8574 | ... AB9: =INDEX('V_Mutlak Getiri'!AA$2:AA$25,MATCH(LARGE('V_Mutlak Getiri'!$AC$2:$AC$25,ROW()-3),'V_Mutlak Getiri'!$AC$2:$AC$25,0)) -> 1
A10: 7 | B10: =INDEX('V_Mutlak Getiri'!A$2:A$25,MATCH(LARGE('V_Mutlak Getiri'!$AC$2:$AC$25,ROW()-3),'V_Mutlak Getiri'!$AC$2:$AC$25,0)) -> BHI | C10: =INDEX('V_Mutlak Getiri'!B$2:B$25,MATCH(LARGE('V_Mutlak Getiri'!$AC$2:$AC$25,ROW()-3),'V_Mutlak Getiri'!$AC$2:$AC$25,0)) -> BV Portföy Mutlak Getiri Hedefli Hisse Senedi Serbest (TL) Fon (Hisse Senedi Yoğun Fon) | D10: =INDEX('V_Mutlak Getiri'!C$2:C$25,MATCH(LARGE('V_Mutlak Getiri'!$AC$2:$AC$25,ROW()-3),'V_Mutlak Getiri'!$AC$2:$AC$25,0)) -> BV Portföy | E10: =INDEX('V_Mutlak Getiri'!D$2:D$25,MATCH(LARGE('V_Mutlak Getiri'!$AC$2:$AC$25,ROW()-3),'V_Mutlak Getiri'!$AC$2:$AC$25,0)) -> 0.0315 | F10: =INDEX('V_Mutlak Getiri'!E$2:E$25,MATCH(LARGE('V_Mutlak Getiri'!$AC$2:$AC$25,ROW()-3),'V_Mutlak Getiri'!$AC$2:$AC$25,0)) -> 0.26088992 | G10: =INDEX('V_Mutlak Getiri'!F$2:F$25,MATCH(LARGE('V_Mutlak Getiri'!$AC$2:$AC$25,ROW()-3),'V_Mutlak Getiri'!$AC$2:$AC$25,0)) -> 0.7929963 | H10: =INDEX('V_Mutlak Getiri'!G$2:G$25,MATCH(LARGE('V_Mutlak Getiri'!$AC$2:$AC$25,ROW()-3),'V_Mutlak Getiri'!$AC$2:$AC$25,0)) -> 3.1946899 | I10: =INDEX('V_Mutlak Getiri'!H$2:H$25,MATCH(LARGE('V_Mutlak Getiri'!$AC$2:$AC$25,ROW()-3),'V_Mutlak Getiri'!$AC$2:$AC$25,0)) -> 23.162877 | ... AB10: =INDEX('V_Mutlak Getiri'!AA$2:AA$25,MATCH(LARGE('V_Mutlak Getiri'!$AC$2:$AC$25,ROW()-3),'V_Mutlak Getiri'!$AC$2:$AC$25,0)) -> 0.9645
A11: 8 | B11: =INDEX('V_Mutlak Getiri'!A$2:A$25,MATCH(LARGE('V_Mutlak Getiri'!$AC$2:$AC$25,ROW()-3),'V_Mutlak Getiri'!$AC$2:$AC$25,0)) -> PPM | C11: =INDEX('V_Mutlak Getiri'!B$2:B$25,MATCH(LARGE('V_Mutlak Getiri'!$AC$2:$AC$25,ROW()-3),'V_Mutlak Getiri'!$AC$2:$AC$25,0)) -> Piramit Portföy Mutlak Getiri Hedefli Hisse Senedi Serbest Fon (Hisse Senedi Yoğun Fon) | D11: =INDEX('V_Mutlak Getiri'!C$2:C$25,MATCH(LARGE('V_Mutlak Getiri'!$AC$2:$AC$25,ROW()-3),'V_Mutlak Getiri'!$AC$2:$AC$25,0)) -> Piramit Portföy | E11: =INDEX('V_Mutlak Getiri'!D$2:D$25,MATCH(LARGE('V_Mutlak Getiri'!$AC$2:$AC$25,ROW()-3),'V_Mutlak Getiri'!$AC$2:$AC$25,0)) -> 0.021 | F11: =INDEX('V_Mutlak Getiri'!E$2:E$25,MATCH(LARGE('V_Mutlak Getiri'!$AC$2:$AC$25,ROW()-3),'V_Mutlak Getiri'!$AC$2:$AC$25,0)) -> 0.2455957 | G11: =INDEX('V_Mutlak Getiri'!F$2:F$25,MATCH(LARGE('V_Mutlak Getiri'!$AC$2:$AC$25,ROW()-3),'V_Mutlak Getiri'!$AC$2:$AC$25,0)) -> 0.70794727 | H11: =INDEX('V_Mutlak Getiri'!G$2:G$25,MATCH(LARGE('V_Mutlak Getiri'!$AC$2:$AC$25,ROW()-3),'V_Mutlak Getiri'!$AC$2:$AC$25,0)) -> 2.9798184 | I11: =INDEX('V_Mutlak Getiri'!H$2:H$25,MATCH(LARGE('V_Mutlak Getiri'!$AC$2:$AC$25,ROW()-3),'V_Mutlak Getiri'!$AC$2:$AC$25,0)) -> 20.639164 | ... AB11: =INDEX('V_Mutlak Getiri'!AA$2:AA$25,MATCH(LARGE('V_Mutlak Getiri'!$AC$2:$AC$25,ROW()-3),'V_Mutlak Getiri'!$AC$2:$AC$25,0)) -> 1
A12: 9 | B12: =INDEX('V_Mutlak Getiri'!A$2:A$25,MATCH(LARGE('V_Mutlak Getiri'!$AC$2:$AC$25,ROW()-3),'V_Mutlak Getiri'!$AC$2:$AC$25,0)) -> YMH | C12: =INDEX('V_Mutlak Getiri'!B$2:B$25,MATCH(LARGE('V_Mutlak Getiri'!$AC$2:$AC$25,ROW()-3),'V_Mutlak Getiri'!$AC$2:$AC$25,0)) -> Yapı Kredi Portföy Mutlak Getiri Hedefli Hisse Senedi Serbest Fon (Hisse Senedi Yoğun Fon) | D12: =INDEX('V_Mutlak Getiri'!C$2:C$25,MATCH(LARGE('V_Mutlak Getiri'!$AC$2:$AC$25,ROW()-3),'V_Mutlak Getiri'!$AC$2:$AC$25,0)) -> Yapı Kredi Portföy | E12: =INDEX('V_Mutlak Getiri'!D$2:D$25,MATCH(LARGE('V_Mutlak Getiri'!$AC$2:$AC$25,ROW()-3),'V_Mutlak Getiri'!$AC$2:$AC$25,0)) -> 0.025 | F12: =INDEX('V_Mutlak Getiri'!E$2:E$25,MATCH(LARGE('V_Mutlak Getiri'!$AC$2:$AC$25,ROW()-3),'V_Mutlak Getiri'!$AC$2:$AC$25,0)) -> 0.24435881 | G12: =INDEX('V_Mutlak Getiri'!F$2:F$25,MATCH(LARGE('V_Mutlak Getiri'!$AC$2:$AC$25,ROW()-3),'V_Mutlak Getiri'!$AC$2:$AC$25,0)) -> 0.75507441 | H12: =INDEX('V_Mutlak Getiri'!G$2:G$25,MATCH(LARGE('V_Mutlak Getiri'!$AC$2:$AC$25,ROW()-3),'V_Mutlak Getiri'!$AC$2:$AC$25,0)) -> 2.7342877 | I12: =INDEX('V_Mutlak Getiri'!H$2:H$25,MATCH(LARGE('V_Mutlak Getiri'!$AC$2:$AC$25,ROW()-3),'V_Mutlak Getiri'!$AC$2:$AC$25,0)) -> 16.941572 | ... AB12: =INDEX('V_Mutlak Getiri'!AA$2:AA$25,MATCH(LARGE('V_Mutlak Getiri'!$AC$2:$AC$25,ROW()-3),'V_Mutlak Getiri'!$AC$2:$AC$25,0)) -> 1
A13: 10 | B13: =INDEX('V_Mutlak Getiri'!A$2:A$25,MATCH(LARGE('V_Mutlak Getiri'!$AC$2:$AC$25,ROW()-3),'V_Mutlak Getiri'!$AC$2:$AC$25,0)) -> HIM | C13: =INDEX('V_Mutlak Getiri'!B$2:B$25,MATCH(LARGE('V_Mutlak Getiri'!$AC$2:$AC$25,ROW()-3),'V_Mutlak Getiri'!$AC$2:$AC$25,0)) -> Hedef Portföy İkinci Mutlak Getiri Hedefli Hisse Senedi Serbest Fon (Hisse Senedi Yoğun Fon) | D13: =INDEX('V_Mutlak Getiri'!C$2:C$25,MATCH(LARGE('V_Mutlak Getiri'!$AC$2:$AC$25,ROW()-3),'V_Mutlak Getiri'!$AC$2:$AC$25,0)) -> Hedef Portföy | E13: =INDEX('V_Mutlak Getiri'!D$2:D$25,MATCH(LARGE('V_Mutlak Getiri'!$AC$2:$AC$25,ROW()-3),'V_Mutlak Getiri'!$AC$2:$AC$25,0)) -> 0.0375 | F13: =INDEX('V_Mutlak Getiri'!E$2:E$25,MATCH(LARGE('V_Mutlak Getiri'!$AC$2:$AC$25,ROW()-3),'V_Mutlak Getiri'!$AC$2:$AC$25,0)) -> 0.23000999 | G13: =INDEX('V_Mutlak Getiri'!F$2:F$25,MATCH(LARGE('V_Mutlak Getiri'!$AC$2:$AC$25,ROW()-3),'V_Mutlak Getiri'!$AC$2:$AC$25,0)) -> 0.73601611 | H13: =INDEX('V_Mutlak Getiri'!G$2:G$25,MATCH(LARGE('V_Mutlak Getiri'!$AC$2:$AC$25,ROW()-3),'V_Mutlak Getiri'!$AC$2:$AC$25,0)) -> 2.5024083 | I13: =INDEX('V_Mutlak Getiri'!H$2:H$25,MATCH(LARGE('V_Mutlak Getiri'!$AC$2:$AC$25,ROW()-3),'V_Mutlak Getiri'!$AC$2:$AC$25,0)) -> 19.216482 | ... AB13: =INDEX('V_Mutlak Getiri'!AA$2:AA$25,MATCH(LARGE('V_Mutlak Getiri'!$AC$2:$AC$25,ROW()-3),'V_Mutlak Getiri'!$AC$2:$AC$25,0)) -> 0.9615
A14: 11 | B14: =INDEX('V_Mutlak Getiri'!A$2:A$25,MATCH(LARGE('V_Mutlak Getiri'!$AC$2:$AC$25,ROW()-3),'V_Mutlak Getiri'!$AC$2:$AC$25,0)) -> HVN | C14: =INDEX('V_Mutlak Getiri'!B$2:B$25,MATCH(LARGE('V_Mutlak Getiri'!$AC$2:$AC$25,ROW()-3),'V_Mutlak Getiri'!$AC$2:$AC$25,0)) -> Hedef Portföy Mutlak Getiri Hedefli Hisse Senedi Serbest Fon (Hisse Senedi Yoğun Fon) | D14: =INDEX('V_Mutlak Getiri'!C$2:C$25,MATCH(LARGE('V_Mutlak Getiri'!$AC$2:$AC$25,ROW()-3),'V_Mutlak Getiri'!$AC$2:$AC$25,0)) -> Hedef Portföy | E14: =INDEX('V_Mutlak Getiri'!D$2:D$25,MATCH(LARGE('V_Mutlak Getiri'!$AC$2:$AC$25,ROW()-3),'V_Mutlak Getiri'!$AC$2:$AC$25,0)) -> 0.03 | F14: =INDEX('V_Mutlak Getiri'!E$2:E$25,MATCH(LARGE('V_Mutlak Getiri'!$AC$2:$AC$25,ROW()-3),'V_Mutlak Getiri'!$AC$2:$AC$25,0)) -> 0.20888717 | G14: =INDEX('V_Mutlak Getiri'!F$2:F$25,MATCH(LARGE('V_Mutlak Getiri'!$AC$2:$AC$25,ROW()-3),'V_Mutlak Getiri'!$AC$2:$AC$25,0)) -> 0.37808978 | H14: =INDEX('V_Mutlak Getiri'!G$2:G$25,MATCH(LARGE('V_Mutlak Getiri'!$AC$2:$AC$25,ROW()-3),'V_Mutlak Getiri'!$AC$2:$AC$25,0)) -> 0.77806535 | I14: =INDEX('V_Mutlak Getiri'!H$2:H$25,MATCH(LARGE('V_Mutlak Getiri'!$AC$2:$AC$25,ROW()-3),'V_Mutlak Getiri'!$AC$2:$AC$25,0)) -> 12.753732 | ... AB14: =INDEX('V_Mutlak Getiri'!AA$2:AA$25,MATCH(LARGE('V_Mutlak Getiri'!$AC$2:$AC$25,ROW()-3),'V_Mutlak Getiri'!$AC$2:$AC$25,0)) -> 1
A15: 12 | B15: =INDEX('V_Mutlak Getiri'!A$2:A$25,MATCH(LARGE('V_Mutlak Getiri'!$AC$2:$AC$25,ROW()-3),'V_Mutlak Getiri'!$AC$2:$AC$25,0)) -> HDK | C15: =INDEX('V_Mutlak Getiri'!B$2:B$25,MATCH(LARGE('V_Mutlak Getiri'!$AC$2:$AC$25,ROW()-3),'V_Mutlak Getiri'!$AC$2:$AC$25,0)) -> Hedef Portföy Vega İstatistiksel Arbitraj Hisse Senedi Serbest Fon (Hisse Senedi Yoğun Fon) | D15: =INDEX('V_Mutlak Getiri'!C$2:C$25,MATCH(LARGE('V_Mutlak Getiri'!$AC$2:$AC$25,ROW()-3),'V_Mutlak Getiri'!$AC$2:$AC$25,0)) -> Hedef Portföy | E15: =INDEX('V_Mutlak Getiri'!D$2:D$25,MATCH(LARGE('V_Mutlak Getiri'!$AC$2:$AC$25,ROW()-3),'V_Mutlak Getiri'!$AC$2:$AC$25,0)) -> 0.05 | F15: =INDEX('V_Mutlak Getiri'!E$2:E$25,MATCH(LARGE('V_Mutlak Getiri'!$AC$2:$AC$25,ROW()-3),'V_Mutlak Getiri'!$AC$2:$AC$25,0)) -> 0.20658773 | G15: =INDEX('V_Mutlak Getiri'!F$2:F$25,MATCH(LARGE('V_Mutlak Getiri'!$AC$2:$AC$25,ROW()-3),'V_Mutlak Getiri'!$AC$2:$AC$25,0)) -> 0.62806026 | H15: =INDEX('V_Mutlak Getiri'!G$2:G$25,MATCH(LARGE('V_Mutlak Getiri'!$AC$2:$AC$25,ROW()-3),'V_Mutlak Getiri'!$AC$2:$AC$25,0)) -> 1.4120367 | I15: =INDEX('V_Mutlak Getiri'!H$2:H$25,MATCH(LARGE('V_Mutlak Getiri'!$AC$2:$AC$25,ROW()-3),'V_Mutlak Getiri'!$AC$2:$AC$25,0)) -> 13.751954 | ... AB15: =INDEX('V_Mutlak Getiri'!AA$2:AA$25,MATCH(LARGE('V_Mutlak Getiri'!$AC$2:$AC$25,ROW()-3),'V_Mutlak Getiri'!$AC$2:$AC$25,0)) -> 1
... A27: 24 | B27: =INDEX('V_Mutlak Getiri'!A$2:A$25,MATCH(LARGE('V_Mutlak Getiri'!$AC$2:$AC$25,ROW()-3),'V_Mutlak Getiri'!$AC$2:$AC$25,0)) -> MGB | C27: =INDEX('V_Mutlak Getiri'!B$2:B$25,MATCH(LARGE('V_Mutlak Getiri'!$AC$2:$AC$25,ROW()-3),'V_Mutlak Getiri'!$AC$2:$AC$25,0)) -> İŞ Portföy Mutlak Getiri Hedefli Hisse Senedi Serbest Fon (Hisse Senedi Yoğun Fon) | D27: =INDEX('V_Mutlak Getiri'!C$2:C$25,MATCH(LARGE('V_Mutlak Getiri'!$AC$2:$AC$25,ROW()-3),'V_Mutlak Getiri'!$AC$2:$AC$25,0)) -> İŞ Portföy | E27: =INDEX('V_Mutlak Getiri'!D$2:D$25,MATCH(LARGE('V_Mutlak Getiri'!$AC$2:$AC$25,ROW()-3),'V_Mutlak Getiri'!$AC$2:$AC$25,0)) -> 0.032 | F27: =INDEX('V_Mutlak Getiri'!E$2:E$25,MATCH(LARGE('V_Mutlak Getiri'!$AC$2:$AC$25,ROW()-3),'V_Mutlak Getiri'!$AC$2:$AC$25,0)) -> -0.6391879 | G27: =INDEX('V_Mutlak Getiri'!F$2:F$25,MATCH(LARGE('V_Mutlak Getiri'!$AC$2:$AC$25,ROW()-3),'V_Mutlak Getiri'!$AC$2:$AC$25,0)) -> -1.5431967 | H27: =INDEX('V_Mutlak Getiri'!G$2:G$25,MATCH(LARGE('V_Mutlak Getiri'!$AC$2:$AC$25,ROW()-3),'V_Mutlak Getiri'!$AC$2:$AC$25,0)) -> -1.326148 | I27: =INDEX('V_Mutlak Getiri'!H$2:H$25,MATCH(LARGE('V_Mutlak Getiri'!$AC$2:$AC$25,ROW()-3),'V_Mutlak Getiri'!$AC$2:$AC$25,0)) -> 8.5681096 | ... AB27: =INDEX('V_Mutlak Getiri'!AA$2:AA$25,MATCH(LARGE('V_Mutlak Getiri'!$AC$2:$AC$25,ROW()-3),'V_Mutlak Getiri'!$AC$2:$AC$25,0)) -> 1

Sheet V_Para Piyasası
A1: Fon Kodu | B1: Para Piyasası Fonları | C1: Yönetici | D1: FYÜ% | E1: Günlük% | F1: Haftalık | G1: Aylık | H1: Yılbaşına Göre | I1: Yıllık | J1: Yatırımcı Sayısı T-30 | K1: Yatırımcı Sayısı T-1 | L1: YS Değişim | M1: Önceki Ay FTD | N1: T-1 FTD | O1: FTD Değişim | P1: Standart Sapma (Aylık) | Q1: TEFAS Durumu | R1: Mevduat (TL) | S1: Vadeli İşlemler Nakit Teminatları | T1: Ters Repo Oranı | U1: Hisse Oranı | V1: Para Piyasaları Oranı | W1: Yatırım Fonları Katılma Payları | X1: Özel Tahvil/Bono Oranı | Y1: Finansman Bonosu Oranı | Z1: Diğer Oran | AA1: Toplam
A2: PRY | B2: Pusula Portföy Para Piyasası (TL) Fonu | C2: Pusula Portföy | D2: 0.0125 | E2: 0.12845697 | F2: 0.89605795 | G2: 4.2013869 | H2: 28.284433 | I2: 59.564473 | J2: 42032 | K2: 46481 | L2: 0.10584793 | M2: 9.4709303e+10 | N2: 1.1989004e+11 | O2: 0.26587394 | P2: 0.10130724 | Q2: Görüyor | R2: 0.0914 | S2: 0 | T2: 0.5459 | U2: 0 | V2: 0.1923 | W2: 0 | X2: 0.0005 | Y2: 0.0071 | Z2: 0.0021 | AA2: 0.8393 | AC2: =IF(ISNUMBER(INDEX($A$2:$AA$62,1,MATCH('Para Piyasası'!$E$2,$A$1:$AA$1,0))),INDEX($A$2:$AA$62,1,MATCH('Para Piyasası'!$E$2,$A$1:$AA$1,0)),-1000000000)-ROW()/10000000 -> 0.12845677
A3: MPL | B3: MT Portföy Para Piyasası (TL) Fonu | C3: MT Portföy | D3: 0.00735 | E3: 0.12305486 | F3: 0.85785789 | G3: 3.9901343 | H3: 21.90373 | I3: 49.249152 | J3: 900 | K3: 845 | L3: -0.061111111 | M3: 7.2680909e+08 | N3: 8.02609e+08 | O3: 0.10429136 | P3: 0.095512155 | Q3: Görüyor | R3: 0.0118 | S3: 0 | T3: 0.3615 | U3: 0 | V3: 0.1872 | W3: 0 | X3: 0 | Y3: 0.2707 | Z3: 0 | AA3: 0.8312 | AC3: =IF(ISNUMBER(INDEX($A$2:$AA$62,2,MATCH('Para Piyasası'!$E$2,$A$1:$AA$1,0))),INDEX($A$2:$AA$62,2,MATCH('Para Piyasası'!$E$2,$A$1:$AA$1,0)),-1000000000)-ROW()/10000000 -> 0.12305456
A4: IDL | B4: Aktif Portföy Para Piyasası (TL) Fonu | C4: Aktif Portföy | D4: 0.0095 | E4: 0.12116162 | F4: 0.7547874 | G4: 3.5066318 | H4: 22.414203 | I4: 47.146671 | J4: 3589 | K4: 3507 | L4: -0.02284759 | M4: 3.4436116e+09 | N4: 2.9369205e+09 | O4: -0.14713943 | P4: 0.085409565 | Q4: Görüyor | R4: 0.4076 | S4: 0 | T4: 0 | U4: 0 | V4: 0.1023 | W4: 0 | X4: 0.0138 | Y4: 0.164 | Z4: 0 | AA4: 0.6877 | AC4: =IF(ISNUMBER(INDEX($A$2:$AA$62,3,MATCH('Para Piyasası'!$E$2,$A$1:$AA$1,0))),INDEX($A$2:$AA$62,3,MATCH('Para Piyasası'!$E$2,$A$1:$AA$1,0)),-1000000000)-ROW()/10000000 -> 0.12116122
A5: GO6 | B5: One Portföy Para Piyasası (TL) Fonu | C5: One Portföy | D5: 0.0125 | E5: 0.11829853 | F5: 0.70673096 | G5: 3.6582556 | H5: 25.510226 | I5: 54.008323 | J5: 4192 | K5: 4197 | L5: 0.0011927481 | M5: 5.2487318e+09 | N5: 5.5702295e+09 | O5: 0.061252451 | P5: 0.084036425 | Q5: Görüyor | R5: 0.0757 | S5: 0 | T5: 0.3947 | U5: 0 | V5: 0.1863 | W5: 0 | X5: 0.0176 | Y5: 0.1437 | Z5: 0 | AA5: 0.818 | AC5: =IF(ISNUMBER(INDEX($A$2:$AA$62,4,MATCH('Para Piyasası'!$E$2,$A$1:$AA$1,0))),INDEX($A$2:$AA$62,4,MATCH('Para Piyasası'!$E$2,$A$1:$AA$1,0)),-1000000000)-ROW()/10000000 -> 0.11829803
A6: VK6 | B6: V Portföy Vakıfbank Para Piyasası (TL) Fonu | C6: V Portföy | D6: 0.013 | E6: 0.11725116 | F6: 0.73331966 | G6: 3.4515342 | H6: 22.412727 | I6: 47.249629 | J6: 153475 | K6: 154247 | L6: 0.0050301352 | M6: 6.624498e+10 | N6: 7.1359181e+10 | O6: 0.077201327 | P6: 0.085210808 | Q6: Görmüyor | R6: 0.4315 | S6: 0 | T6: 0.3963 | U6: 0 | V6: 0 | W6: 0 | X6: 0.0049 | Y6: 0.0003 | Z6: 0 | AA6: 0.833 | AC6: =IF(ISNUMBER(INDEX($A$2:$AA$62,5,MATCH('Para Piyasası'!$E$2,$A$1:$AA$1,0))),INDEX($A$2:$AA$62,5,MATCH('Para Piyasası'!$E$2,$A$1:$AA$1,0)),-1000000000)-ROW()/10000000 -> 0.11725056
A7: PPT | B7: Atlas Portföy Para Piyasası (TL) Fonu | C7: Atlas Portföy | D7: 0.0105 | E7: 0.11716495 | F7: 0.83838496 | G7: 3.8335256 | H7: 25.371128 | I7: 53.055148 | J7: 3655 | K7: 3590 | L7: -0.017783858 | M7: 2.297724e+09 | N7: 2.3182151e+09 | O7: 0.0089180288 | P7: 0.093436941 | Q7: Görüyor | R7: 0.1277 | S7: 0 | T7: 0.481 | U7: 0 | V7: 0.1995 | W7: 0 | X7: 0 | Y7: 0.0845 | Z7: 0 | AA7: 0.8927 | AC7: =IF(ISNUMBER(INDEX($A$2:$AA$62,6,MATCH('Para Piyasası'!$E$2,$A$1:$AA$1,0))),INDEX($A$2:$AA$62,6,MATCH('Para Piyasası'!$E$2,$A$1:$AA$1,0)),-1000000000)-ROW()/10000000 -> 0.11716425
A8: EIL | B8: Astra Portföy Para Piyasası (TL) Fonu | C8: Astra Portföy | D8: 0.0079935 | E8: 0.11648702 | F8: 0.78347895 | G8: 3.6344147 | H8: 23.221911 | I8: 50.437963 | J8: 1754 | K8: 1639 | L8: -0.065564424 | M8: 1.2187092e+09 | N8: 1.1652906e+09 | O8: -0.043832154 | P8: 0.084296975 | Q8: Görüyor | R8: 0 | S8: 0 | T8: 0.3685 | U8: 0 | V8: 0.1976 | W8: 0 | X8: 0.2926 | Y8: 0 | Z8: 0 | AA8: 0.8587 | AC8: =IF(ISNUMBER(INDEX($A$2:$AA$62,7,MATCH('Para Piyasası'!$E$2,$A$1:$AA$1,0))),INDEX($A$2:$AA$62,7,MATCH('Para Piyasası'!$E$2,$A$1:$AA$1,0)),-1000000000)-ROW()/10000000 -> 0.11648622
A9: PPN | B9: Nurol Portföy Para Piyasası (TL) Fonu | C9: Nurol Portföy | D9: 0.007 | E9: 0.11516072 | F9: 0.77093425 | G9: 3.5648078 | H9: 23.059961 | I9: 49.188624 | J9: 14179 | K9: 13646 | L9: -0.037590803 | M9: 1.1648159e+10 | N9: 1.1726919e+10 | O9: 0.0067616418 | P9: 0.087809816 | Q9: Görüyor | R9: 0.4063 | S9: 0 | T9: 0.0979 | U9: 0 | V9: 0.1756 | W9: 0 | X9: 0.1419 | Y9: 0.0281 | Z9: 0 | AA9: 0.8498 | AC9: =IF(ISNUMBER(INDEX($A$2:$AA$62,8,MATCH('Para Piyasası'!$E$2,$A$1:$AA$1,0))),INDEX($A$2:$AA$62,8,MATCH('Para Piyasası'!$E$2,$A$1:$AA$1,0)),-1000000000)-ROW()/10000000 -> 0.11515982
A10: IOO | B10: İŞ Portföy İkinci Para Piyasası (TL) Fonu | C10: İŞ Portföy | D10: 0.0105 | E10: 0.11512434 | F10: 0.71226161 | G10: 3.4049755 | H10: 21.878267 | I10: 46.886952 | J10: 6288 | K10: 6050 | L10: -0.037849873 | M10: 1.7766355e+10 | N10: 1.7386457e+10 | O10: -0.021383003 | P10: 0.09057309 | Q10: Görüyor | R10: 0.3925 | S10: 0 | T10: 0.119 | U10: 0 | V10: 0.0348 | W10: 0 | X10: 0.1256 | Y10: 0.0194 | Z10: 0 | AA10: 0.6913 | AC10: =IF(ISNUMBER(INDEX($A$2:$AA$62,9,MATCH('Para Piyasası'!$E$2,$A$1:$AA$1,0))),INDEX($A$2:$AA$62,9,MATCH('Para Piyasası'!$E$2,$A$1:$AA$1,0)),-1000000000)-ROW()/10000000 -> 0.11512334
A11: BVF | B11: BV Portföy Para Piyasası (TL) Fon | C11: BV Portföy | D11: 0.008 | E11: 0.11429129 | F11: 0.78584497 | G11: 3.6061287 | H11: 23.435745 | I11: - | J11: 504 | K11: 506 | L11: 0.003968254 | M11: 1.1492032e+09 | N11: 1.9574167e+09 | O11: 0.7032816 | P11: 0.08694052 | Q11: Görüyor | R11: 0 | S11: 0 | T11: 0.3994 | U11: 0 | V11: 0.1889 | W11: 0 | X11: 0 | Y11: 0.1164 | Z11: 0.0295 | AA11: 0.7342 | AC11: =IF(ISNUMBER(INDEX($A$2:$AA$62,10,MATCH('Para Piyasası'!$E$2,$A$1:$AA$1,0))),INDEX($A$2:$AA$62,10,MATCH('Para Piyasası'!$E$2,$A$1:$AA$1,0)),-1000000000)-ROW()/10000000 -> 0.11429019
A12: RBP | B12: Re-pıe Portföy Birinci Para Piyasası (TL) Fonu | C12: Re-pıe Portföy | D12: 0.009 | E12: 0.1141602 | F12: 0.81255198 | G12: 3.7369619 | H12: 24.46966 | I12: 51.327791 | J12: 742 | K12: 881 | L12: 0.18733154 | M12: 2.1545053e+09 | N12: 2.2876373e+09 | O12: 0.061792379 | P12: 0.092259625 | Q12: Görüyor | R12: 0.0549 | S12: 0 | T12: 0.4916 | U12: 0 | V12: 0.1986 | W12: 0 | X12: 0 | Y12: 0.1241 | Z12: 0.0104 | AA12: 0.8796 | AC12: =IF(ISNUMBER(INDEX($A$2:$AA$62,11,MATCH('Para Piyasası'!$E$2,$A$1:$AA$1,0))),INDEX($A$2:$AA$62,11,MATCH('Para Piyasası'!$E$2,$A$1:$AA$1,0)),-1000000000)-ROW()/10000000 -> 0.114159
A13: GTL | B13: Garanti Portföy Birinci Para Piyasası (TL) Fonu | C13: Garanti Portföy | D13: 0.014 | E13: 0.11376652 | F13: 0.73511661 | G13: 3.4615415 | H13: 21.882714 | I13: 46.920395 | J13: 330045 | K13: 335872 | L13: 0.017655168 | M13: 1.4996157e+11 | N13: 1.8178942e+11 | O13: 0.21224005 | P13: 0.085262662 | Q13: Görmüyor | R13: 0.3698 | S13: 0 | T13: 0.4075 | U13: 0 | V13: 0 | W13: 0 | X13: 0.0393 | Y13: 0.0104 | Z13: 0 | AA13: 0.827 | AC13: =IF(ISNUMBER(INDEX($A$2:$AA$62,12,MATCH('Para Piyasası'!$E$2,$A$1:$AA$1,0))),INDEX($A$2:$AA$62,12,MATCH('Para Piyasası'!$E$2,$A$1:$AA$1,0)),-1000000000)-ROW()/10000000 -> 0.11376522
A14: IUZ | B14: İŞ Portföy Anadolubank Para Piyasası (TL) Fonu | C14: İŞ Portföy | D14: 0.015 | E14: 0.11358997 | F14: 0.73623137 | G14: 3.40211 | H14: 22.279775 | I14: 47.334724 | J14: 1141 | K14: 1163 | L14: 0.019281332 | M14: 1.1911851e+09 | N14: 1.2152183e+09 | O14: 0.02017585 | P14: 0.083261677 | Q14: Görmüyor | R14: 0.3102 | S14: 0 | T14: 0.0879 | U14: 0 | V14: 0.0496 | W14: 0 | X14: 0.2505 | Y14: 0.1567 | Z14: 0 | AA14: 0.8549 | AC14: =IF(ISNUMBER(INDEX($A$2:$AA$62,13,MATCH('Para Piyasası'!$E$2,$A$1:$AA$1,0))),INDEX($A$2:$AA$62,13,MATCH('Para Piyasası'!$E$2,$A$1:$AA$1,0)),-1000000000)-ROW()/10000000 -> 0.11358857
A15: AC4 | B15: Pardus Portföy Para Piyasası (TL) Fon | C15: Pardus Portföy | D15: 0.01 | E15: 0.11265914 | F15: 0.79678888 | G15: 3.6913544 | H15: 23.804345 | I15: 50.879172 | J15: 3642 | K15: 3715 | L15: 0.020043932 | M15: 1.5603464e+09 | N15: 1.8786229e+09 | O15: 0.20397809 | P15: 0.091532627 | Q15: Görüyor | R15: 0.1573 | S15: 0 | T15: 0.4808 | U15: 0 | V15: 0.1993 | W15: 0 | X15: 0 | Y15: 0.0408 | Z15: 0 | AA15: 0.8782 | AC15: =IF(ISNUMBER(INDEX($A$2:$AA$62,14,MATCH('Para Piyasası'!$E$2,$A$1:$AA$1,0))),INDEX($A$2:$AA$62,14,MATCH('Para Piyasası'!$E$2,$A$1:$AA$1,0)),-1000000000)-ROW()/10000000 -> 0.11265764
A16: YLB | B16: Yapı Kredi Portföy Para Piyasası Fonu | C16: Yapı Kredi Portföy | D16: 0.0148 | E16: 0.1125132 | F16: 0.73803822 | G16: 3.4300159 | H16: 22.158486 | I16: 46.993778 | J16: 340076 | K16: 343953 | L16: 0.011400393 | M16: 6.9662963e+10 | N16: 8.4573351e+10 | O16: 0.21403609 | P16: 0.084241983 | Q16: Görmüyor | R16: 0.2413 | S16: 0 | T16: 0.5896 | U16: 0 | V16: 0.0005 | W16: 0 | X16: 0.009 | Y16: 0.0073 | Z16: 0 | AA16: 0.8477 | AC16: =IF(ISNUMBER(INDEX($A$2:$AA$62,15,MATCH('Para Piyasası'!$E$2,$A$1:$AA$1,0))),INDEX($A$2:$AA$62,15,MATCH('Para Piyasası'!$E$2,$A$1:$AA$1,0)),-1000000000)-ROW()/10000000 -> 0.1125116
A17: ANL | B17: AK Portföy Alternatif Bank Para Piyasası (Tl)fonu | C17: AK Portföy | D17: 0.0128 | E17: 0.11245278 | F17: 0.77867342 | G17: 3.4611831 | H17: 22.290724 | I17: 47.482242 | J17: 4057 | K17: 3809 | L17: -0.061128913 | M17: 5.4728735e+08 | N17: 5.2439037e+08 | O17: -0.041837213 | P17: 0.084261409 | Q17: Görmüyor | R17: 0.2857 | S17: 0 | T17: 0.3665 | U17: 0 | V17: 0 | W17: 0 | X17: 0.1702 | Y17: 0.0296 | Z17: 0 | AA17: 0.852 | AC17: =IF(ISNUMBER(INDEX($A$2:$AA$62,16,MATCH('Para Piyasası'!$E$2,$A$1:$AA$1,0))),INDEX($A$2:$AA$62,16,MATCH('Para Piyasası'!$E$2,$A$1:$AA$1,0)),-1000000000)-ROW()/10000000 -> 0.11245108
A18: YVD | B18: Yapı Kredi Portföy İkinci Para Piyasası (TL) Fonu | C18: Yapı Kredi Portföy | D18: 0.0148 | E18: 0.11236003 | F18: 0.73127037 | G18: 3.3579638 | H18: 21.614419 | I18: 46.370966 | J18: 80756 | K18: 79944 | L18: -0.01005498 | M18: 3.80946e+10 | N18: 3.8539389e+10 | O18: 0.011675913 | P18: 0.084211246 | Q18: Görmüyor | R18: 0.3242 | S18: 0 | T18: 0.3946 | U18: 0 | V18: 0 | W18: 0 | X18: 0.0213 | Y18: 0.0094 | Z18: 0 | AA18: 0.7495 | AC18: =IF(ISNUMBER(INDEX($A$2:$AA$62,17,MATCH('Para Piyasası'!$E$2,$A$1:$AA$1,0))),INDEX($A$2:$AA$62,17,MATCH('Para Piyasası'!$E$2,$A$1:$AA$1,0)),-1000000000)-ROW()/10000000 -> 0.11235823
A19: PRD | B19: Piramit Portföy Para Piyasası (TL) Fonu | C19: Piramit Portföy | D19: 0.007875 | E19: 0.11225003 | F19: 0.80711985 | G19: 3.6701854 | H19: 22.703547 | I19: 49.792997 | J19: 602 | K19: 596 | L19: -0.0099667774 | M19: 4.2839495e+08 | N19: 3.9722408e+08 | O19: -0.072762013 | P19: 0.091958067 | Q19: Görüyor | R19: 0.2694 | S19: 0.0007 | T19: 0.3352 | U19: 0 | V19: 0.1995 | W19: 0 | X19: 0.0051 | Y19: 0.0223 | Z19: 0 | AA19: 0.8322 | AC19: =IF(ISNUMBER(INDEX($A$2:$AA$62,18,MATCH('Para Piyasası'!$E$2,$A$1:$AA$1,0))),INDEX($A$2:$AA$62,18,MATCH('Para Piyasası'!$E$2,$A$1:$AA$1,0)),-1000000000)-ROW()/10000000 -> 0.11224813
A20: DLY | B20: Deniz Portföy Para Piyasası (TL) Fonu | C20: Deniz Portföy | D20: 0.0145 | E20: 0.11223745 | F20: 0.73901384 | G20: 3.4152656 | H20: 22.175043 | I20: 47.166792 | J20: 310647 | K20: 309614 | L20: -0.0033253178 | M20: 6.9699034e+10 | N20: 6.8465269e+10 | O20: -0.017701321 | P20: 0.083637359 | Q20: Görüyor | R20: 0.3181 | S20: 0 | T20: 0.4605 | U20: 0 | V20: 0 | W20: 0 | X20: 0.0253 | Y20: 0.0054 | Z20: 0.0022 | AA20: 0.8115 | AC20: =IF(ISNUMBER(INDEX($A$2:$AA$62,19,MATCH('Para Piyasası'!$E$2,$A$1:$AA$1,0))),INDEX($A$2:$AA$62,19,MATCH('Para Piyasası'!$E$2,$A$1:$AA$1,0)),-1000000000)-ROW()/10000000 -> 0.11223545
A21: HVT | B21: Allbatross Portföy Birinci Para Piyasası (TL) Fonu | C21: Allbatross Portföy | D21: 0.0125 | E21: 0.11218191 | F21: 0.76876171 | G21: 3.573175 | H21: 25.000656 | I21: 52.996174 | J21: 1922 | K21: 1857 | L21: -0.033818939 | M21: 6.791452e+08 | N21: 6.2948561e+08 | O21: -0.073120726 | P21: 0.084975784 | Q21: Görüyor | R21: 0.2318 | S21: 0 | T21: 0.2987 | U21: 0 | V21: 0.159 | W21: 0 | X21: 0 | Y21: 0.1178 | Z21: 0 | AA21: 0.8073 | AC21: =IF(ISNUMBER(INDEX($A$2:$AA$62,20,MATCH('Para Piyasası'!$E$2,$A$1:$AA$1,0))),INDEX($A$2:$AA$62,20,MATCH('Para Piyasası'!$E$2,$A$1:$AA$1,0)),-1000000000)-ROW()/10000000 -> 0.11217981
A22: KIE | B22: Trıve Portföy Para Piyasası (TL) Fonu | C22: Trıve Portföy | D22: 0.0113 | E22: 0.11202864 | F22: 0.75440461 | G22: 3.6001473 | H22: 20.696186 | I22: 45.741096 | J22: 842 | K22: 840 | L22: -0.0023752969 | M22: 1.8780144e+08 | N22: 1.4919326e+08 | O22: -0.20557979 | P22: 0.084752293 | Q22: Görüyor | R22: 0.091 | S22: 0 | T22: 0.3374 | U22: 0 | V22: 0.1903 | W22: 0 | X22: 0 | Y22: 0.1455 | Z22: 0 | AA22: 0.7642 | AC22: =IF(ISNUMBER(INDEX($A$2:$AA$62,21,MATCH('Para Piyasası'!$E$2,$A$1:$AA$1,0))),INDEX($A$2:$AA$62,21,MATCH('Para Piyasası'!$E$2,$A$1:$AA$1,0)),-1000000000)-ROW()/10000000 -> 0.11202644
A23: BRG | B23: Teb Portföy Burgan Bank Para Piyasası (TL) Fonu | C23: Teb Portföy | D23: 0.009 | E23: 0.11182391 | F23: 0.74847699 | G23: 3.459201 | H23: 22.474831 | I23: 47.54712 | J23: 1580 | K23: 1556 | L23: -0.015189873 | M23: 1.9701834e+09 | N23: 1.6995981e+09 | O23: -0.13734013 | P23: 0.084874035 | Q23: Görmüyor | R23: 0.3888 | S23: 0 | T23: 0.3589 | U23: 0 | V23: 0 | W23: 0 | X23: 0.0051 | Y23: 0.0501 | Z23: 0 | AA23: 0.8029 | AC23: =IF(ISNUMBER(INDEX($A$2:$AA$62,22,MATCH('Para Piyasası'!$E$2,$A$1:$AA$1,0))),INDEX($A$2:$AA$62,22,MATCH('Para Piyasası'!$E$2,$A$1:$AA$1,0)),-1000000000)-ROW()/10000000 -> 0.11182161
A24: PRH | B24: Aura Portföy Para Piyasası (TL) Fonu | C24: Aura Portföy | D24: 0.0125 | E24: 0.11119434 | F24: 0.78397476 | G24: 3.4914409 | H24: 22.281979 | I24: 50.242166 | J24: 336 | K24: 313 | L24: -0.068452381 | M24: 6.2195461e+08 | N24: 6.1019932e+08 | O24: -0.018900553 | P24: 0.087492337 | Q24: Görüyor | R24: 0.0002 | S24: 0 | T24: 0.733 | U24: 0 | V24: 0.0011 | W24: 0 | X24: 0 | Y24: 0.1117 | Z24: 0 | AA24: 0.846 | AC24: =IF(ISNUMBER(INDEX($A$2:$AA$62,23,MATCH('Para Piyasası'!$E$2,$A$1:$AA$1,0))),INDEX($A$2:$AA$62,23,MATCH('Para Piyasası'!$E$2,$A$1:$AA$1,0)),-1000000000)-ROW()/10000000 -> 0.11119194
A25: DL2 | B25: Deniz Portföy İkinci Para Piyasası (TL) Fonu | C25: Deniz Portföy | D25: 0.0049 | E25: 0.11094743 | F25: 0.75912389 | G25: 3.4420883 | H25: 22.273172 | I25: 47.804559 | J25: 672 | K25: 644 | L25: -0.041666667 | M25: 8.5426618e+09 | N25: 8.4021197e+09 | O25: -0.016451792 | P25: 0.086578809 | Q25: Görüyor | R25: 0.2959 | S25: 0 | T25: 0.4527 | U25: 0 | V25: 0 | W25: 0 | X25: 0.0154 | Y25: 0 | Z25: 0 | AA25: 0.764 | AC25: =IF(ISNUMBER(INDEX($A$2:$AA$62,24,MATCH('Para Piyasası'!$E$2,$A$1:$AA$1,0))),INDEX($A$2:$AA$62,24,MATCH('Para Piyasası'!$E$2,$A$1:$AA$1,0)),-1000000000)-ROW()/10000000 -> 0.11094493
A26: OYL | B26: Oyak Portföy Birinci Para Piyasası (TL) Fonu | C26: Oyak Portföy | D26: 0.013 | E26: 0.11081546 | F26: 0.74039016 | G26: 3.4314052 | H26: 21.76649 | I26: 45.997369 | J26: 8878 | K26: 8468 | L26: -0.046181572 | M26: 3.3427504e+09 | N26: 3.145666e+09 | O26: -0.058958754 | P26: 0.08474162 | Q26: Görmüyor | R26: 0.2805 | S26: 0 | T26: 0.4619 | U26: 0 | V26: 0 | W26: 0 | X26: 0.026 | Y26: 0.1144 | Z26: 0 | AA26: 0.8828 | AC26: =IF(ISNUMBER(INDEX($A$2:$AA$62,25,MATCH('Para Piyasası'!$E$2,$A$1:$AA$1,0))),INDEX($A$2:$AA$62,25,MATCH('Para Piyasası'!$E$2,$A$1:$AA$1,0)),-1000000000)-ROW()/10000000 -> 0.11081286
A27: IOP | B27: İŞ Portföy Odeabank Para Piyasası (TL) Fonu | C27: İŞ Portföy | D27: 0.009 | E27: 0.11055265 | F27: 0.75048568 | G27: 3.4886714 | H27: 22.695248 | I27: 48.287541 | J27: 7021 | K27: 6718 | L27: -0.043156246 | M27: 6.9489361e+09 | N27: 6.954007e+09 | O27: 0.00072974827 | P27: 0.084174375 | Q27: Görmüyor | R27: 0.4003 | S27: 0 | T27: 0.1475 | U27: 0 | V27: 0.0578 | W27: 0 | X27: 0.1481 | Y27: 0.0511 | Z27: 0 | AA27: 0.8048 | AC27: =IF(ISNUMBER(INDEX($A$2:$AA$62,26,MATCH('Para Piyasası'!$E$2,$A$1:$AA$1,0))),INDEX($A$2:$AA$62,26,MATCH('Para Piyasası'!$E$2,$A$1:$AA$1,0)),-1000000000)-ROW()/10000000 -> 0.11054995
A28: IGL | B28: Teb Portföy Ing Bank Para Piyasası (TL) Fonu | C28: Teb Portföy | D28: 0.011 | E28: 0.11047434 | F28: 0.7424615 | G28: 3.4291375 | H28: 22.299896 | I28: 47.143243 | J28: 17228 | K28: 16789 | L28: -0.025481774 | M28: 4.4528572e+09 | N28: 4.4479116e+09 | O28: -0.0011106619 | P28: 0.084079314 | Q28: Görmüyor | R28: 0.3465 | S28: 0 | T28: 0.4319 | U28: 0 | V28: 0 | W28: 0 | X28: 0.0012 | Y28: 0.0107 | Z28: 0 | AA28: 0.7903 | AC28: =IF(ISNUMBER(INDEX($A$2:$AA$62,27,MATCH('Para Piyasası'!$E$2,$A$1:$AA$1,0))),INDEX($A$2:$AA$62,27,MATCH('Para Piyasası'!$E$2,$A$1:$AA$1,0)),-1000000000)-ROW()/10000000 -> 0.11047154
A29: ZBJ | B29: Ziraat Portföy Başak Para Piyasası (TL) Fonu | C29: Ziraat Portföy | D29: 0.0049 | E29: 0.10974555 | F29: 0.76834467 | G29: 3.5275552 | H29: 22.889173 | I29: 48.295013 | J29: 19650 | K29: 19349 | L29: -0.015318066 | M29: 5.0431139e+10 | N29: 4.7475464e+10 | O29: -0.058608137 | P29: 0.086289071 | Q29: Görüyor | R29: 0.4143 | S29: 0 | T29: 0.2884 | U29: 0 | V29: 0.0481 | W29: 0 | X29: 0.0213 | Y29: 0.0218 | Z29: 0 | AA29: 0.7939 | AC29: =IF(ISNUMBER(INDEX($A$2:$AA$62,28,MATCH('Para Piyasası'!$E$2,$A$1:$AA$1,0))),INDEX($A$2:$AA$62,28,MATCH('Para Piyasası'!$E$2,$A$1:$AA$1,0)),-1000000000)-ROW()/10000000 -> 0.10974265
A30: PPZ | B30: Azimut Portföy Para Piyasası (TL) Fonu | C30: Azimut Portföy | D30: 0.013 | E30: 0.10943664 | F30: 0.74492363 | G30: 3.4887619 | H30: 22.420872 | I30: 47.509397 | J30: 8081 | K30: 8139 | L30: 0.0071773295 | M30: 1.3131057e+10 | N30: 1.3599329e+10 | O30: 0.03566138 | P30: 0.085315881 | Q30: Görüyor | R30: 0.3684 | S30: 0 | T30: 0 | U30: 0 | V30: 0.1916 | W30: 0 | X30: 0.0445 | Y30: 0.1941 | Z30: 0 | AA30: 0.7986 | AC30: =IF(ISNUMBER(INDEX($A$2:$AA$62,29,MATCH('Para Piyasası'!$E$2,$A$1:$AA$1,0))),INDEX($A$2:$AA$62,29,MATCH('Para Piyasası'!$E$2,$A$1:$AA$1,0)),-1000000000)-ROW()/10000000 -> 0.10943364
A31: GAL | B31: Garanti Portföy İkinci Para Piyasası (TL) Fonu | C31: Garanti Portföy | D31: 0.014 | E31: 0.10887814 | F31: 0.71312525 | G31: 3.2978712 | H31: 21.272902 | I31: 45.800193 | J31: 56994 | K31: 57808 | L31: 0.014282205 | M31: 1.2207166e+11 | N31: 1.1833867e+11 | O31: -0.030580319 | P31: 0.083992552 | Q31: Görmüyor | R31: 0.2112 | S31: 0 | T31: 0.4904 | U31: 0 | V31: 0 | W31: 0 | X31: 0.0593 | Y31: 0.0143 | Z31: 0 | AA31: 0.7752 | AC31: =IF(ISNUMBER(INDEX($A$2:$AA$62,30,MATCH('Para Piyasası'!$E$2,$A$1:$AA$1,0))),INDEX($A$2:$AA$62,30,MATCH('Para Piyasası'!$E$2,$A$1:$AA$1,0)),-1000000000)-ROW()/10000000 -> 0.10887504
A32: HLL | B32: Ziraat Portföy Halkbank Para Piyasası (TL) Fonu | C32: Ziraat Portföy | D32: 0.013 | E32: 0.10886678 | F32: 0.75379575 | G32: 3.4713037 | H32: 22.481531 | I32: 47.270355 | J32: 1031918 | K32: 1029553 | L32: -0.0022918488 | M32: 4.268073e+10 | N32: 4.3403749e+10 | O32: 0.016940186 | P32: 0.084957131 | Q32: Görmüyor | R32: 0.4331 | S32: 0 | T32: 0.1604 | U32: 0 | V32: 0.1513 | W32: 0 | X32: 0.0183 | Y32: 0.0233 | Z32: 0 | AA32: 0.7864 | AC32: =IF(ISNUMBER(INDEX($A$2:$AA$62,31,MATCH('Para Piyasası'!$E$2,$A$1:$AA$1,0))),INDEX($A$2:$AA$62,31,MATCH('Para Piyasası'!$E$2,$A$1:$AA$1,0)),-1000000000)-ROW()/10000000 -> 0.10886358
A33: BGP | B33: AK Portföy Üçüncü Para Piyasası (TL) Fonu | C33: AK Portföy | D33: 0.0049 | E33: 0.10885402 | F33: 0.75560615 | G33: 3.504038 | H33: 22.484091 | I33: 47.921955 | J33: 30090 | K33: 29361 | L33: -0.024227318 | M33: 5.6225212e+10 | N33: 6.1161618e+10 | O33: 0.087797021 | P33: 0.082050737 | Q33: Görüyor | R33: 0.5006 | S33: 0 | T33: 0.2807 | U33: 0 | V33: 0.0298 | W33: 0 | X33: 0.0025 | Y33: 0.0017 | Z33: 0 | AA33: 0.8153 | AC33: =IF(ISNUMBER(INDEX($A$2:$AA$62,32,MATCH('Para Piyasası'!$E$2,$A$1:$AA$1,0))),INDEX($A$2:$AA$62,32,MATCH('Para Piyasası'!$E$2,$A$1:$AA$1,0)),-1000000000)-ROW()/10000000 -> 0.10885072
A34: KPP | B34: Kare Portföy Para Piyasası Fonu | C34: Kare Portföy | D34: 0.0109 | E34: 0.10828661 | F34: 0.75373683 | G34: 3.5071915 | H34: 22.987408 | I34: 48.499359 | J34: 736 | K34: 712 | L34: -0.032608696 | M34: 3.955631e+08 | N34: 4.3750168e+08 | O34: 0.10602246 | P34: 0.082923462 | Q34: Görüyor | R34: 0.0252 | S34: 0 | T34: 0.5191 | U34: 0 | V34: 0 | W34: 0 | X34: 0.0932 | Y34: 0.2531 | Z34: 0 | AA34: 0.8906 | AC34: =IF(ISNUMBER(INDEX($A$2:$AA$62,33,MATCH('Para Piyasası'!$E$2,$A$1:$AA$1,0))),INDEX($A$2:$AA$62,33,MATCH('Para Piyasası'!$E$2,$A$1:$AA$1,0)),-1000000000)-ROW()/10000000 -> 0.10828321
A35: HSL | B35: Hsbc Portföy Para Piyasası (TL) Fonu | C35: Hsbc Portföy | D35: 0.0125 | E35: 0.1081978 | F35: 0.745593 | G35: 3.4568269 | H35: 22.325694 | I35: 47.188916 | J35: 24397 | K35: 24420 | L35: 0.00094273886 | M35: 2.3727535e+10 | N35: 2.4915595e+10 | O35: 0.050070949 | P35: 0.084903278 | Q35: Görüyor | R35: 0.2647 | S35: 0 | T35: 0.5359 | U35: 0 | V35: 0.0916 | W35: 0 | X35: 0 | Y35: 0 | Z35: 0 | AA35: 0.8922 | AC35: =IF(ISNUMBER(INDEX($A$2:$AA$62,34,MATCH('Para Piyasası'!$E$2,$A$1:$AA$1,0))),INDEX($A$2:$AA$62,34,MATCH('Para Piyasası'!$E$2,$A$1:$AA$1,0)),-1000000000)-ROW()/10000000 -> 0.1081943
A36: IJV | B36: İstanbul Portföy Birinci Para Piyasası (TL) Fonu | C36: İstanbul Portföy | D36: 0.0105 | E36: 0.10814678 | F36: 0.7285783 | G36: 3.4429248 | H36: 22.549145 | I36: 48.355221 | J36: 3001 | K36: 2917 | L36: -0.02799067 | M36: 2788445356 | N36: 3.180241e+09 | O36: 0.14050685 | P36: 0.083662681 | Q36: Görüyor | R36: 0.0012 | S36: 0 | T36: 0.7661 | U36: 0 | V36: 0.0329 | W36: 0 | X36: 0 | Y36: 0.0779 | Z36: 0 | AA36: 0.8781 | AC36: =IF(ISNUMBER(INDEX($A$2:$AA$62,35,MATCH('Para Piyasası'!$E$2,$A$1:$AA$1,0))),INDEX($A$2:$AA$62,35,MATCH('Para Piyasası'!$E$2,$A$1:$AA$1,0)),-1000000000)-ROW()/10000000 -> 0.10814318
A37: IRY | B37: Inveo Portföy Para Piyasası (TL) Fonu | C37: Inveo Portföy | D37: 0.0089 | E37: 0.10789453 | F37: 0.76579057 | G37: 3.6139554 | H37: 23.354983 | I37: 49.476735 | J37: 2408 | K37: 2367 | L37: -0.017026578 | M37: 2.4258908e+09 | N37: 2.1576766e+09 | O37: -0.11056318 | P37: 0.085635128 | Q37: Görüyor | R37: 0.2415 | S37: 0 | T37: 0.297 | U37: 0 | V37: 0 | W37: 0 | X37: 0.0717 | Y37: 0.1668 | Z37: 0.0094 | AA37: 0.7864 | AC37: =IF(ISNUMBER(INDEX($A$2:$AA$62,36,MATCH('Para Piyasası'!$E$2,$A$1:$AA$1,0))),INDEX($A$2:$AA$62,36,MATCH('Para Piyasası'!$E$2,$A$1:$AA$1,0)),-1000000000)-ROW()/10000000 -> 0.10789083
A38: NRG | B38: Neo Portföy Birinci Para Piyasası Fonu | C38: Neo Portföy | D38: 0.009 | E38: 0.10775195 | F38: 0.75004726 | G38: 3.4462555 | H38: 22.817586 | I38: 48.948001 | J38: 3621 | K38: 3471 | L38: -0.041425021 | M38: 7.4366479e+09 | N38: 6.5434768e+09 | O38: -0.12010399 | P38: 0.085710264 | Q38: Görüyor | R38: 0.2786 | S38: 0 | T38: 0.4652 | U38: 0 | V38: 0.0336 | W38: 0 | X38: 0.0017 | Y38: 0.0957 | Z38: 0 | AA38: 0.8748 | AC38: =IF(ISNUMBER(INDEX($A$2:$AA$62,37,MATCH('Para Piyasası'!$E$2,$A$1:$AA$1,0))),INDEX($A$2:$AA$62,37,MATCH('Para Piyasası'!$E$2,$A$1:$AA$1,0)),-1000000000)-ROW()/10000000 -> 0.10774815
A39: TI1 | B39: İŞ Portföy Para Piyasası (TL) Fonu | C39: İŞ Portföy | D39: 0.0142 | E39: 0.10768597 | F39: 0.73633768 | G39: 3.4216622 | H39: 22.029599 | I39: 46.876679 | J39: 229307 | K39: 230478 | L39: 0.005106691 | M39: 1.8518137e+11 | N39: 1.9676578e+11 | O39: 0.062557052 | P39: 0.083364629 | Q39: Görmüyor | R39: 0.4146 | S39: 0 | T39: 0.3395 | U39: 0 | V39: 0.0087 | W39: 0 | X39: 0.0076 | Y39: 0.0192 | Z39: 0 | AA39: 0.7896 | AC39: =IF(ISNUMBER(INDEX($A$2:$AA$62,38,MATCH('Para Piyasası'!$E$2,$A$1:$AA$1,0))),INDEX($A$2:$AA$62,38,MATCH('Para Piyasası'!$E$2,$A$1:$AA$1,0)),-1000000000)-ROW()/10000000 -> 0.10768207
A40: FI5 | B40: Qnb Portföy Para Piyasası (TL) Fonu | C40: Qnb Portföy | D40: 0.013 | E40: 0.10750675 | F40: 0.74516415 | G40: 3.4463823 | H40: 22.221919 | I40: 47.312759 | J40: 51877 | K40: 51614 | L40: -0.0050696841 | M40: 9.5830437e+10 | N40: 1.0044405e+11 | O40: 0.048143499 | P40: 0.084256168 | Q40: Görmüyor | R40: 0.4287 | S40: 0 | T40: 0.326 | U40: 0 | V40: 0.004 | W40: 0 | X40: 0.0337 | Y40: 0.0476 | Z40: 0.0023 | AA40: 0.8423 | AC40: =IF(ISNUMBER(INDEX($A$2:$AA$62,39,MATCH('Para Piyasası'!$E$2,$A$1:$AA$1,0))),INDEX($A$2:$AA$62,39,MATCH('Para Piyasası'!$E$2,$A$1:$AA$1,0)),-1000000000)-ROW()/10000000 -> 0.10750275
A41: TCB | B41: Tacirler Portföy Para Piyasası Fonu | C41: Tacirler Portföy | D41: 0.0125 | E41: 0.10749631 | F41: 0.74744964 | G41: 3.4572038 | H41: 22.370457 | I41: 47.644473 | J41: 4824 | K41: 4744 | L41: -0.016583748 | M41: 3.2670728e+09 | N41: 3.246711e+09 | O41: -0.0062324151 | P41: 0.084738045 | Q41: Görüyor | R41: 0.4533 | S41: 0 | T41: 0 | U41: 0 | V41: 0.1302 | W41: 0 | X41: 0.0049 | Y41: 0.2113 | Z41: 0 | AA41: 0.7997 | AC41: =IF(ISNUMBER(INDEX($A$2:$AA$62,40,MATCH('Para Piyasası'!$E$2,$A$1:$AA$1,0))),INDEX($A$2:$AA$62,40,MATCH('Para Piyasası'!$E$2,$A$1:$AA$1,0)),-1000000000)-ROW()/10000000 -> 0.10749221
A42: TZL | B42: Ziraat Portföy Para Piyasası (TL) Fonu | C42: Ziraat Portföy | D42: 0.013 | E42: 0.10716334 | F42: 0.75117157 | G42: 3.4759817 | H42: 22.425059 | I42: 47.148546 | J42: 174956 | K42: 177586 | L42: 0.015032351 | M42: 7.3550068e+10 | N42: 8.1585909e+10 | O42: 0.10925674 | P42: 0.085220609 | Q42: Görmüyor | R42: 0.4114 | S42: 0 | T42: 0.2379 | U42: 0 | V42: 0.1118 | W42: 0 | X42: 0.015 | Y42: 0.0255 | Z42: 0 | AA42: 0.8016 | AC42: =IF(ISNUMBER(INDEX($A$2:$AA$62,41,MATCH('Para Piyasası'!$E$2,$A$1:$AA$1,0))),INDEX($A$2:$AA$62,41,MATCH('Para Piyasası'!$E$2,$A$1:$AA$1,0)),-1000000000)-ROW()/10000000 -> 0.10715914
A43: CFO | B43: Rota Portföy İkinci Para Piyasası Fonu | C43: Rota Portföy | D43: 0.003 | E43: 0.10704341 | F43: 0.74734265 | G43: 3.5032648 | H43: 22.801442 | I43: 48.171825 | J43: 484 | K43: 487 | L43: 0.0061983471 | M43: 3006632049 | N43: 3.2608842e+09 | O43: 0.084563774 | P43: 0.08402176 | Q43: Görüyor | R43: 0.1565 | S43: 0 | T43: 0.7185 | U43: 0 | V43: 0 | W43: 0 | X43: 0 | Y43: 0 | Z43: 0 | AA43: 0.875 | AC43: =IF(ISNUMBER(INDEX($A$2:$AA$62,42,MATCH('Para Piyasası'!$E$2,$A$1:$AA$1,0))),INDEX($A$2:$AA$62,42,MATCH('Para Piyasası'!$E$2,$A$1:$AA$1,0)),-1000000000)-ROW()/10000000 -> 0.10703911
A44: NVB | B44: Neo Portföy İkinci Para Piyasası (TL) Fon | C44: Neo Portföy | D44: 0.013 | E44: 0.10698182 | F44: 0.74602036 | G44: 3.436127 | H44: 22.527707 | I44: 48.449113 | J44: 5029 | K44: 4869 | L44: -0.03181547 | M44: 5.7279717e+09 | N44: 6.0763405e+09 | O44: 0.060818883 | P44: 0.085258816 | Q44: Görüyor | R44: 0.3194 | S44: 0 | T44: 0.3994 | U44: 0 | V44: 0.0519 | W44: 0 | X44: 0.0018 | Y44: 0.0976 | Z44: 0 | AA44: 0.8701 | AC44: =IF(ISNUMBER(INDEX($A$2:$AA$62,43,MATCH('Para Piyasası'!$E$2,$A$1:$AA$1,0))),INDEX($A$2:$AA$62,43,MATCH('Para Piyasası'!$E$2,$A$1:$AA$1,0)),-1000000000)-ROW()/10000000 -> 0.10697742
A45: FSK | B45: Qnb Portföy İkinci Para Piyasası (TL) Fonu | C45: Qnb Portföy | D45: 0.013 | E45: 0.10696322 | F45: 0.73330516 | G45: 3.391817 | H45: 21.960037 | I45: 47.381729 | J45: 2487 | K45: 2412 | L45: -0.030156815 | M45: 6.1464211e+09 | N45: 5.2825472e+09 | O45: -0.14054909 | P45: 0.082400603 | Q45: Görüyor | R45: 0.3963 | S45: 0 | T45: 0.0455 | U45: 0 | V45: 0.0332 | W45: 0 | X45: 0.1031 | Y45: 0.0763 | Z45: 0.0067 | AA45: 0.6611 | AC45: =IF(ISNUMBER(INDEX($A$2:$AA$62,44,MATCH('Para Piyasası'!$E$2,$A$1:$AA$1,0))),INDEX($A$2:$AA$62,44,MATCH('Para Piyasası'!$E$2,$A$1:$AA$1,0)),-1000000000)-ROW()/10000000 -> 0.10695872
A46: ALE | B46: AK Portföy Para Piyasası (TL) Fonu | C46: AK Portföy | D46: 0.0153 | E46: 0.10685723 | F46: 0.73696364 | G46: 3.450723 | H46: 22.126791 | I46: 46.762006 | J46: 139040 | K46: 145744 | L46: 0.048216341 | M46: 7.5467697e+10 | N46: 7.7856044e+10 | O46: 0.031647277 | P46: 0.081106343 | Q46: Görmüyor | R46: 0.4868 | S46: 0 | T46: 0.2842 | U46: 0 | V46: 0.0131 | W46: 0 | X46: 0.0035 | Y46: 0.0095 | Z46: 0 | AA46: 0.7971 | AC46: =IF(ISNUMBER(INDEX($A$2:$AA$62,45,MATCH('Para Piyasası'!$E$2,$A$1:$AA$1,0))),INDEX($A$2:$AA$62,45,MATCH('Para Piyasası'!$E$2,$A$1:$AA$1,0)),-1000000000)-ROW()/10000000 -> 0.10685263
A47: HIP | B47: Hsbc Portföy İkinci Para Piyasası (TL) Fonu | C47: Hsbc Portföy | D47: 0.012 | E47: 0.10632118 | F47: 0.75448777 | G47: 3.5030542 | H47: 22.848153 | I47: 47.741081 | J47: 1065 | K47: 1118 | L47: 0.049765258 | M47: 1.7533551e+09 | N47: 1.8971174e+09 | O47: 0.081992684 | P47: 0.084267294 | Q47: Görmüyor | R47: 0 | S47: 0 | T47: 0.7907 | U47: 0 | V47: 0.0903 | W47: 0 | X47: 0 | Y47: 0 | Z47: 0 | AA47: 0.881 | AC47: =IF(ISNUMBER(INDEX($A$2:$AA$62,46,MATCH('Para Piyasası'!$E$2,$A$1:$AA$1,0))),INDEX($A$2:$AA$62,46,MATCH('Para Piyasası'!$E$2,$A$1:$AA$1,0)),-1000000000)-ROW()/10000000 -> 0.10631648
A48: UPP | B48: Ünlü Portföy Para Piyasası (TL) Fonu | C48: Ünlü Portföy | D48: 0.01 | E48: 0.10615812 | F48: 0.73681026 | G48: 3.3984279 | H48: 22.34021 | I48: 47.303822 | J48: 953 | K48: 938 | L48: -0.015739769 | M48: 2.6189194e+09 | N48: 2.6188351e+09 | O48: -3.2188814e-05 | P48: 0.083603293 | Q48: Görüyor | R48: 0.164 | S48: 0 | T48: 0.6522 | U48: 0 | V48: 0.0002 | W48: 0 | X48: 0.0107 | Y48: 0.0455 | Z48: 0 | AA48: 0.8726 | AC48: =IF(ISNUMBER(INDEX($A$2:$AA$62,47,MATCH('Para Piyasası'!$E$2,$A$1:$AA$1,0))),INDEX($A$2:$AA$62,47,MATCH('Para Piyasası'!$E$2,$A$1:$AA$1,0)),-1000000000)-ROW()/10000000 -> 0.10615332
A49: PPP | B49: Perform Portföy Para Piyasası (TL) Fonu | C49: Perform Portföy | D49: 0.01 | E49: 0.1060531 | F49: 0.739987 | G49: 3.445422 | H49: 22.544596 | I49: 47.672227 | J49: 378 | K49: 377 | L49: -0.0026455026 | M49: 6.6050432e+09 | N49: 8.2110321e+09 | O49: 0.24314586 | P49: 0.082047453 | Q49: Görüyor | R49: 0.0385 | S49: 0 | T49: 0.6464 | U49: 0 | V49: 0.1905 | W49: 0 | X49: 0.0211 | Y49: 0 | Z49: 0 | AA49: 0.8965 | AC49: =IF(ISNUMBER(INDEX($A$2:$AA$62,48,MATCH('Para Piyasası'!$E$2,$A$1:$AA$1,0))),INDEX($A$2:$AA$62,48,MATCH('Para Piyasası'!$E$2,$A$1:$AA$1,0)),-1000000000)-ROW()/10000000 -> 0.1060482
A50: GPZ | B50: Garanti Portföy Üçüncü Para Piyasası Fonu | C50: Garanti Portföy | D50: 0.0095 | E50: 0.10592984 | F50: 0.76281548 | G50: 3.5415294 | H50: 22.284607 | I50: 47.764957 | J50: 155 | K50: 155 | L50: 0 | M50: 2.153771e+09 | N50: 2.8610319e+09 | O50: 0.32838255 | P50: 0.085495903 | Q50: Görüyor | R50: 0.1729 | S50: 0 | T50: 0.2448 | U50: 0 | V50: 0 | W50: 0 | X50: 0.2686 | Y50: 0.1011 | Z50: 0 | AA50: 0.7874 | AC50: =IF(ISNUMBER(INDEX($A$2:$AA$62,49,MATCH('Para Piyasası'!$E$2,$A$1:$AA$1,0))),INDEX($A$2:$AA$62,49,MATCH('Para Piyasası'!$E$2,$A$1:$AA$1,0)),-1000000000)-ROW()/10000000 -> 0.10592484
A51: ECB | B51: Global MD Portföy Para Piyasası (TL) Fonu | C51: Global MD Portföy | D51: 0.013 | E51: 0.10570186 | F51: 0.74077139 | G51: 3.3981232 | H51: 21.978127 | I51: 46.601601 | J51: 3166 | K51: 3163 | L51: -0.00094756791 | M51: 6.4394695e+08 | N51: 6.5942398e+08 | O51: 0.024034633 | P51: 0.082230175 | Q51: Görmüyor | R51: 0 | S51: 0 | T51: 0.4702 | U51: 0 | V51: 0.1908 | W51: 0 | X51: 0 | Y51: 0.2203 | Z51: 0 | AA51: 0.8813 | AC51: =IF(ISNUMBER(INDEX($A$2:$AA$62,50,MATCH('Para Piyasası'!$E$2,$A$1:$AA$1,0))),INDEX($A$2:$AA$62,50,MATCH('Para Piyasası'!$E$2,$A$1:$AA$1,0)),-1000000000)-ROW()/10000000 -> 0.10569676
A52: RPP | B52: Rota Portföy Para Piyasası (TL) Fonu | C52: Rota Portföy | D52: 0.009 | E52: 0.10568119 | F52: 0.74587393 | G52: 3.4870116 | H52: 22.747159 | I52: 48.03718 | J52: 8232 | K52: 7957 | L52: -0.03340622 | M52: 6.1658094e+09 | N52: 6.3234381e+09 | O52: 0.02556497 | P52: 0.086007452 | Q52: Görüyor | R52: 0.1462 | S52: 0 | T52: 0.5497 | U52: 0 | V52: 0 | W52: 0 | X52: 0.0276 | Y52: 0.1149 | Z52: 0 | AA52: 0.8384 | AC52: =IF(ISNUMBER(INDEX($A$2:$AA$62,51,MATCH('Para Piyasası'!$E$2,$A$1:$AA$1,0))),INDEX($A$2:$AA$62,51,MATCH('Para Piyasası'!$E$2,$A$1:$AA$1,0)),-1000000000)-ROW()/10000000 -> 0.10567599
A53: TKM | B53: Teb Portföy Para Piyasası (TL) Fonu | C53: Teb Portföy | D53: 0.01 | E53: 0.10553272 | F53: 0.74539971 | G53: 3.4219068 | H53: 22.364699 | I53: 47.061459 | J53: 495194 | K53: 498673 | L53: 0.0070255294 | M53: 6.4423403e+10 | N53: 6.5501189e+10 | O53: 0.016729734 | P53: 0.083806193 | Q53: Görmüyor | R53: 0.1194 | S53: 0 | T53: 0.7473 | U53: 0 | V53: 0 | W53: 0 | X53: 0.0025 | Y53: 0 | Z53: 0.0017 | AA53: 0.8709 | AC53: =IF(ISNUMBER(INDEX($A$2:$AA$62,52,MATCH('Para Piyasası'!$E$2,$A$1:$AA$1,0))),INDEX($A$2:$AA$62,52,MATCH('Para Piyasası'!$E$2,$A$1:$AA$1,0)),-1000000000)-ROW()/10000000 -> 0.10552742
A54: SLF | B54: Rota Portföy Şekerbank Para Piyasası (TL) Fonu | C54: Rota Portföy | D54: 0.01022 | E54: 0.10545864 | F54: 0.73697947 | G54: 3.4299209 | H54: 22.324497 | I54: 47.576108 | J54: 6943 | K54: 6918 | L54: -0.003600749 | M54: 1.1812675e+09 | N54: 1.1501871e+09 | O54: -0.026311054 | P54: 0.082680681 | Q54: Görmüyor | R54: 0.0522 | S54: 0 | T54: 0.4522 | U54: 0 | V54: 0.0737 | W54: 0 | X54: 0.015 | Y54: 0.2002 | Z54: 0 | AA54: 0.7933 | AC54: =IF(ISNUMBER(INDEX($A$2:$AA$62,53,MATCH('Para Piyasası'!$E$2,$A$1:$AA$1,0))),INDEX($A$2:$AA$62,53,MATCH('Para Piyasası'!$E$2,$A$1:$AA$1,0)),-1000000000)-ROW()/10000000 -> 0.10545324
A55: FIL | B55: Fiba Portföy Para Piyasası (TL) Fonu | C55: Fiba Portföy | D55: 0.012 | E55: 0.10517547 | F55: 0.75341634 | G55: 3.4412603 | H55: 22.376054 | I55: 47.658664 | J55: 19014 | K55: 19258 | L55: 0.01283265 | M55: 1.2966293e+10 | N55: 1.2953428e+10 | O55: -0.00099214866 | P55: 0.084555696 | Q55: Görüyor | R55: 0.3331 | S55: 0 | T55: 0.1466 | U55: 0 | V55: 0.1458 | W55: 0 | X55: 0.0368 | Y55: 0.0912 | Z55: 0.0025 | AA55: 0.756 | AC55: =IF(ISNUMBER(INDEX($A$2:$AA$62,54,MATCH('Para Piyasası'!$E$2,$A$1:$AA$1,0))),INDEX($A$2:$AA$62,54,MATCH('Para Piyasası'!$E$2,$A$1:$AA$1,0)),-1000000000)-ROW()/10000000 -> 0.10516997
A56: PJL | B56: Phillip Portföy Para Piyasası Fonu | C56: Phillip Portföy | D56: 0.0125 | E56: 0.1050116 | F56: 0.73628907 | G56: 3.4000126 | H56: 22.19412 | I56: 47.194965 | J56: 3444 | K56: 3351 | L56: -0.027003484 | M56: 2.7290675e+09 | N56: 1.3750016e+09 | O56: -0.4961643 | P56: 0.084029655 | Q56: Görüyor | R56: 0.303 | S56: 0 | T56: 0.2983 | U56: 0 | V56: 0.1924 | W56: 0 | X56: 0 | Y56: 0.0122 | Z56: 0 | AA56: 0.8059 | AC56: =IF(ISNUMBER(INDEX($A$2:$AA$62,55,MATCH('Para Piyasası'!$E$2,$A$1:$AA$1,0))),INDEX($A$2:$AA$62,55,MATCH('Para Piyasası'!$E$2,$A$1:$AA$1,0)),-1000000000)-ROW()/10000000 -> 0.105006
A57: PPI | B57: Yapı Kredi Portföy Üçüncü Para Piyasası (TL) Fonu | C57: Yapı Kredi Portföy | D57: 0.007 | E57: 0.10480845 | F57: 0.73635842 | G57: 3.3257569 | H57: 21.945752 | I57: 47.461305 | J57: 2939 | K57: 2784 | L57: -0.052739027 | M57: 4.3931436e+09 | N57: 4.1150534e+09 | O57: -0.063300941 | P57: 0.085100627 | Q57: Görüyor | R57: 0 | S57: 0 | T57: 0.5841 | U57: 0 | V57: 0.0002 | W57: 0 | X57: 0.0305 | Y57: 0 | Z57: 0 | AA57: 0.6148 | AC57: =IF(ISNUMBER(INDEX($A$2:$AA$62,56,MATCH('Para Piyasası'!$E$2,$A$1:$AA$1,0))),INDEX($A$2:$AA$62,56,MATCH('Para Piyasası'!$E$2,$A$1:$AA$1,0)),-1000000000)-ROW()/10000000 -> 0.10480275
A58: HYV | B58: Hedef Portföy Para Piyasası (TL) Fonu | C58: Hedef Portföy | D58: 0.0125 | E58: 0.10425127 | F58: 0.74167376 | G58: 3.4002388 | H58: 22.313711 | I58: 48.651976 | J58: 7228 | K58: 6957 | L58: -0.037493082 | M58: 6.370129e+09 | N58: 6.2108458e+09 | O58: -0.02500471 | P58: 0.082804539 | Q58: Görüyor | R58: 0.3068 | S58: 0 | T58: 0.4908 | U58: 0 | V58: 0.0614 | W58: 0 | X58: 0 | Y58: 0.0017 | Z58: 0 | AA58: 0.8607 | AC58: =IF(ISNUMBER(INDEX($A$2:$AA$62,57,MATCH('Para Piyasası'!$E$2,$A$1:$AA$1,0))),INDEX($A$2:$AA$62,57,MATCH('Para Piyasası'!$E$2,$A$1:$AA$1,0)),-1000000000)-ROW()/10000000 -> 0.10424547
A59: FFD | B59: Fiba Portföy Üçüncü Para Piyasası (TL) Fonu | C59: Fiba Portföy | D59: 0.015 | E59: 0.10413902 | F59: 0.71700051 | G59: 3.3563839 | H59: 22.187329 | I59: 47.334255 | J59: 385 | K59: 417 | L59: 0.083116883 | M59: 2.4999637e+08 | N59: 2.5253482e+08 | O59: 0.01015394 | P59: 0.081335797 | Q59: Görmüyor | R59: 0.1323 | S59: 0 | T59: 0.6734 | U59: 0 | V59: 0.0013 | W59: 0 | X59: 0 | Y59: 0 | Z59: 0 | AA59: 0.807 | AC59: =IF(ISNUMBER(INDEX($A$2:$AA$62,58,MATCH('Para Piyasası'!$E$2,$A$1:$AA$1,0))),INDEX($A$2:$AA$62,58,MATCH('Para Piyasası'!$E$2,$A$1:$AA$1,0)),-1000000000)-ROW()/10000000 -> 0.10413312
A60: ICE | B60: Icbc Turkey Portföy Para Piyasası (TL) Fonu | C60: Icbc Turkey Portföy | D60: 0.0124 | E60: 0.10383919 | F60: 0.7299623 | G60: 3.3661637 | H60: 21.964178 | I60: 46.844903 | J60: 5410 | K60: 4445 | L60: -0.17837338 | M60: 1.8903718e+09 | N60: 1.4503889e+09 | O60: -0.23274939 | P60: 0.082810378 | Q60: Görüyor | R60: 0.1767 | S60: 0 | T60: 0.5386 | U60: 0 | V60: 0.0021 | W60: 0 | X60: 0 | Y60: 0.1178 | Z60: 0.0286 | AA60: 0.8638 | AC60: =IF(ISNUMBER(INDEX($A$2:$AA$62,59,MATCH('Para Piyasası'!$E$2,$A$1:$AA$1,0))),INDEX($A$2:$AA$62,59,MATCH('Para Piyasası'!$E$2,$A$1:$AA$1,0)),-1000000000)-ROW()/10000000 -> 0.10383319
A61: FPI | B61: Fonmap Portföy Birinci Para Piyasası (TL) Fonu | C61: Fonmap Portföy | D61: 0.01 | E61: 0.10340563 | F61: 0.66960519 | G61: 3.2853482 | H61: 21.925923 | I61: 45.926892 | J61: 156 | K61: 157 | L61: 0.0064102564 | M61: 1.0381816e+08 | N61: 87898902 | O61: -0.1533379 | P61: 0.076423358 | Q61: Görüyor | R61: 0 | S61: 0 | T61: 0.5244 | U61: 0 | V61: 0.1858 | W61: 0 | X61: 0 | Y61: 0 | Z61: 0.0246 | AA61: 0.7348 | AC61: =IF(ISNUMBER(INDEX($A$2:$AA$62,60,MATCH('Para Piyasası'!$E$2,$A$1:$AA$1,0))),INDEX($A$2:$AA$62,60,MATCH('Para Piyasası'!$E$2,$A$1:$AA$1,0)),-1000000000)-ROW()/10000000 -> 0.10339953
A62: AAL | B62: Ata Portföy Para Piyasası (TL) Fonu | C62: Ata Portföy | D62: 0.01 | E62: 0.092497231 | F62: 0.64244297 | G62: 3.2749157 | H62: 20.582545 | I62: 46.005382 | J62: 4689 | K62: 4505 | L62: -0.039240776 | M62: 2.7413656e+09 | N62: 2.3532931e+09 | O62: -0.14156173 | P62: 0.079898543 | Q62: Görüyor | R62: 0.1731 | S62: 0 | T62: 0.3816 | U62: 0 | V62: 0 | W62: 0 | X62: 0.0416 | Y62: 0.1353 | Z62: 0 | AA62: 0.7316 | AC62: =IF(ISNUMBER(INDEX($A$2:$AA$62,61,MATCH('Para Piyasası'!$E$2,$A$1:$AA$1,0))),INDEX($A$2:$AA$62,61,MATCH('Para Piyasası'!$E$2,$A$1:$AA$1,0)),-1000000000)-ROW()/10000000 -> 0.092491031

Sheet Para Piyasası
F1: 46216 | G1: 46210 | H1: 46185 | I1: 46022 | J1: 45852
B2: T-1: 14.07.2026 | D2: Sırala: | E2: Günlük%
B3: Fon Kodu | C3: Para Piyasası Fonları | D3: Yönetici | E3: FYÜ% | F3: Günlük% | G3: Haftalık | H3: Aylık | I3: Yılbaşına Göre | J3: Yıllık | K3: Yatırımcı Sayısı T-30 | L3: Yatırımcı Sayısı T-1 | M3: YS Değişim | N3: Önceki Ay FTD | O3: T-1 FTD | P3: FTD Değişim | Q3: Standart Sapma (Aylık) | R3: TEFAS Durumu | S3: Mevduat (TL) | T3: Vadeli İşlemler Nakit Teminatları | U3: Ters Repo Oranı | V3: Hisse Oranı | W3: Para Piyasaları Oranı | X3: Yatırım Fonları Katılma Payları | Y3: Özel Tahvil/Bono Oranı | Z3: Finansman Bonosu Oranı | AA3: Diğer Oran | AB3: Toplam
A4: 1 | B4: =INDEX('V_Para Piyasası'!A$2:A$62,MATCH(LARGE('V_Para Piyasası'!$AC$2:$AC$62,ROW()-3),'V_Para Piyasası'!$AC$2:$AC$62,0)) -> PRY | C4: =INDEX('V_Para Piyasası'!B$2:B$62,MATCH(LARGE('V_Para Piyasası'!$AC$2:$AC$62,ROW()-3),'V_Para Piyasası'!$AC$2:$AC$62,0)) -> Pusula Portföy Para Piyasası (TL) Fonu | D4: =INDEX('V_Para Piyasası'!C$2:C$62,MATCH(LARGE('V_Para Piyasası'!$AC$2:$AC$62,ROW()-3),'V_Para Piyasası'!$AC$2:$AC$62,0)) -> Pusula Portföy | E4: =INDEX('V_Para Piyasası'!D$2:D$62,MATCH(LARGE('V_Para Piyasası'!$AC$2:$AC$62,ROW()-3),'V_Para Piyasası'!$AC$2:$AC$62,0)) -> 0.0125 | F4: =INDEX('V_Para Piyasası'!E$2:E$62,MATCH(LARGE('V_Para Piyasası'!$AC$2:$AC$62,ROW()-3),'V_Para Piyasası'!$AC$2:$AC$62,0)) -> 0.12845697 | G4: =INDEX('V_Para Piyasası'!F$2:F$62,MATCH(LARGE('V_Para Piyasası'!$AC$2:$AC$62,ROW()-3),'V_Para Piyasası'!$AC$2:$AC$62,0)) -> 0.89605795 | H4: =INDEX('V_Para Piyasası'!G$2:G$62,MATCH(LARGE('V_Para Piyasası'!$AC$2:$AC$62,ROW()-3),'V_Para Piyasası'!$AC$2:$AC$62,0)) -> 4.2013869 | I4: =INDEX('V_Para Piyasası'!H$2:H$62,MATCH(LARGE('V_Para Piyasası'!$AC$2:$AC$62,ROW()-3),'V_Para Piyasası'!$AC$2:$AC$62,0)) -> 28.284433 | ... AB4: =INDEX('V_Para Piyasası'!AA$2:AA$62,MATCH(LARGE('V_Para Piyasası'!$AC$2:$AC$62,ROW()-3),'V_Para Piyasası'!$AC$2:$AC$62,0)) -> 0.8393
A5: 2 | B5: =INDEX('V_Para Piyasası'!A$2:A$62,MATCH(LARGE('V_Para Piyasası'!$AC$2:$AC$62,ROW()-3),'V_Para Piyasası'!$AC$2:$AC$62,0)) -> MPL | C5: =INDEX('V_Para Piyasası'!B$2:B$62,MATCH(LARGE('V_Para Piyasası'!$AC$2:$AC$62,ROW()-3),'V_Para Piyasası'!$AC$2:$AC$62,0)) -> MT Portföy Para Piyasası (TL) Fonu | D5: =INDEX('V_Para Piyasası'!C$2:C$62,MATCH(LARGE('V_Para Piyasası'!$AC$2:$AC$62,ROW()-3),'V_Para Piyasası'!$AC$2:$AC$62,0)) -> MT Portföy | E5: =INDEX('V_Para Piyasası'!D$2:D$62,MATCH(LARGE('V_Para Piyasası'!$AC$2:$AC$62,ROW()-3),'V_Para Piyasası'!$AC$2:$AC$62,0)) -> 0.00735 | F5: =INDEX('V_Para Piyasası'!E$2:E$62,MATCH(LARGE('V_Para Piyasası'!$AC$2:$AC$62,ROW()-3),'V_Para Piyasası'!$AC$2:$AC$62,0)) -> 0.12305486 | G5: =INDEX('V_Para Piyasası'!F$2:F$62,MATCH(LARGE('V_Para Piyasası'!$AC$2:$AC$62,ROW()-3),'V_Para Piyasası'!$AC$2:$AC$62,0)) -> 0.85785789 | H5: =INDEX('V_Para Piyasası'!G$2:G$62,MATCH(LARGE('V_Para Piyasası'!$AC$2:$AC$62,ROW()-3),'V_Para Piyasası'!$AC$2:$AC$62,0)) -> 3.9901343 | I5: =INDEX('V_Para Piyasası'!H$2:H$62,MATCH(LARGE('V_Para Piyasası'!$AC$2:$AC$62,ROW()-3),'V_Para Piyasası'!$AC$2:$AC$62,0)) -> 21.90373 | ... AB5: =INDEX('V_Para Piyasası'!AA$2:AA$62,MATCH(LARGE('V_Para Piyasası'!$AC$2:$AC$62,ROW()-3),'V_Para Piyasası'!$AC$2:$AC$62,0)) -> 0.8312
A6: 3 | B6: =INDEX('V_Para Piyasası'!A$2:A$62,MATCH(LARGE('V_Para Piyasası'!$AC$2:$AC$62,ROW()-3),'V_Para Piyasası'!$AC$2:$AC$62,0)) -> IDL | C6: =INDEX('V_Para Piyasası'!B$2:B$62,MATCH(LARGE('V_Para Piyasası'!$AC$2:$AC$62,ROW()-3),'V_Para Piyasası'!$AC$2:$AC$62,0)) -> Aktif Portföy Para Piyasası (TL) Fonu | D6: =INDEX('V_Para Piyasası'!C$2:C$62,MATCH(LARGE('V_Para Piyasası'!$AC$2:$AC$62,ROW()-3),'V_Para Piyasası'!$AC$2:$AC$62,0)) -> Aktif Portföy | E6: =INDEX('V_Para Piyasası'!D$2:D$62,MATCH(LARGE('V_Para Piyasası'!$AC$2:$AC$62,ROW()-3),'V_Para Piyasası'!$AC$2:$AC$62,0)) -> 0.0095 | F6: =INDEX('V_Para Piyasası'!E$2:E$62,MATCH(LARGE('V_Para Piyasası'!$AC$2:$AC$62,ROW()-3),'V_Para Piyasası'!$AC$2:$AC$62,0)) -> 0.12116162 | G6: =INDEX('V_Para Piyasası'!F$2:F$62,MATCH(LARGE('V_Para Piyasası'!$AC$2:$AC$62,ROW()-3),'V_Para Piyasası'!$AC$2:$AC$62,0)) -> 0.7547874 | H6: =INDEX('V_Para Piyasası'!G$2:G$62,MATCH(LARGE('V_Para Piyasası'!$AC$2:$AC$62,ROW()-3),'V_Para Piyasası'!$AC$2:$AC$62,0)) -> 3.5066318 | I6: =INDEX('V_Para Piyasası'!H$2:H$62,MATCH(LARGE('V_Para Piyasası'!$AC$2:$AC$62,ROW()-3),'V_Para Piyasası'!$AC$2:$AC$62,0)) -> 22.414203 | ... AB6: =INDEX('V_Para Piyasası'!AA$2:AA$62,MATCH(LARGE('V_Para Piyasası'!$AC$2:$AC$62,ROW()-3),'V_Para Piyasası'!$AC$2:$AC$62,0)) -> 0.6877
A7: 4 | B7: =INDEX('V_Para Piyasası'!A$2:A$62,MATCH(LARGE('V_Para Piyasası'!$AC$2:$AC$62,ROW()-3),'V_Para Piyasası'!$AC$2:$AC$62,0)) -> GO6 | C7: =INDEX('V_Para Piyasası'!B$2:B$62,MATCH(LARGE('V_Para Piyasası'!$AC$2:$AC$62,ROW()-3),'V_Para Piyasası'!$AC$2:$AC$62,0)) -> One Portföy Para Piyasası (TL) Fonu | D7: =INDEX('V_Para Piyasası'!C$2:C$62,MATCH(LARGE('V_Para Piyasası'!$AC$2:$AC$62,ROW()-3),'V_Para Piyasası'!$AC$2:$AC$62,0)) -> One Portföy | E7: =INDEX('V_Para Piyasası'!D$2:D$62,MATCH(LARGE('V_Para Piyasası'!$AC$2:$AC$62,ROW()-3),'V_Para Piyasası'!$AC$2:$AC$62,0)) -> 0.0125 | F7: =INDEX('V_Para Piyasası'!E$2:E$62,MATCH(LARGE('V_Para Piyasası'!$AC$2:$AC$62,ROW()-3),'V_Para Piyasası'!$AC$2:$AC$62,0)) -> 0.11829853 | G7: =INDEX('V_Para Piyasası'!F$2:F$62,MATCH(LARGE('V_Para Piyasası'!$AC$2:$AC$62,ROW()-3),'V_Para Piyasası'!$AC$2:$AC$62,0)) -> 0.70673096 | H7: =INDEX('V_Para Piyasası'!G$2:G$62,MATCH(LARGE('V_Para Piyasası'!$AC$2:$AC$62,ROW()-3),'V_Para Piyasası'!$AC$2:$AC$62,0)) -> 3.6582556 | I7: =INDEX('V_Para Piyasası'!H$2:H$62,MATCH(LARGE('V_Para Piyasası'!$AC$2:$AC$62,ROW()-3),'V_Para Piyasası'!$AC$2:$AC$62,0)) -> 25.510226 | ... AB7: =INDEX('V_Para Piyasası'!AA$2:AA$62,MATCH(LARGE('V_Para Piyasası'!$AC$2:$AC$62,ROW()-3),'V_Para Piyasası'!$AC$2:$AC$62,0)) -> 0.818
A8: 5 | B8: =INDEX('V_Para Piyasası'!A$2:A$62,MATCH(LARGE('V_Para Piyasası'!$AC$2:$AC$62,ROW()-3),'V_Para Piyasası'!$AC$2:$AC$62,0)) -> VK6 | C8: =INDEX('V_Para Piyasası'!B$2:B$62,MATCH(LARGE('V_Para Piyasası'!$AC$2:$AC$62,ROW()-3),'V_Para Piyasası'!$AC$2:$AC$62,0)) -> V Portföy Vakıfbank Para Piyasası (TL) Fonu | D8: =INDEX('V_Para Piyasası'!C$2:C$62,MATCH(LARGE('V_Para Piyasası'!$AC$2:$AC$62,ROW()-3),'V_Para Piyasası'!$AC$2:$AC$62,0)) -> V Portföy | E8: =INDEX('V_Para Piyasası'!D$2:D$62,MATCH(LARGE('V_Para Piyasası'!$AC$2:$AC$62,ROW()-3),'V_Para Piyasası'!$AC$2:$AC$62,0)) -> 0.013 | F8: =INDEX('V_Para Piyasası'!E$2:E$62,MATCH(LARGE('V_Para Piyasası'!$AC$2:$AC$62,ROW()-3),'V_Para Piyasası'!$AC$2:$AC$62,0)) -> 0.11725116 | G8: =INDEX('V_Para Piyasası'!F$2:F$62,MATCH(LARGE('V_Para Piyasası'!$AC$2:$AC$62,ROW()-3),'V_Para Piyasası'!$AC$2:$AC$62,0)) -> 0.73331966 | H8: =INDEX('V_Para Piyasası'!G$2:G$62,MATCH(LARGE('V_Para Piyasası'!$AC$2:$AC$62,ROW()-3),'V_Para Piyasası'!$AC$2:$AC$62,0)) -> 3.4515342 | I8: =INDEX('V_Para Piyasası'!H$2:H$62,MATCH(LARGE('V_Para Piyasası'!$AC$2:$AC$62,ROW()-3),'V_Para Piyasası'!$AC$2:$AC$62,0)) -> 22.412727 | ... AB8: =INDEX('V_Para Piyasası'!AA$2:AA$62,MATCH(LARGE('V_Para Piyasası'!$AC$2:$AC$62,ROW()-3),'V_Para Piyasası'!$AC$2:$AC$62,0)) -> 0.833
A9: 6 | B9: =INDEX('V_Para Piyasası'!A$2:A$62,MATCH(LARGE('V_Para Piyasası'!$AC$2:$AC$62,ROW()-3),'V_Para Piyasası'!$AC$2:$AC$62,0)) -> PPT | C9: =INDEX('V_Para Piyasası'!B$2:B$62,MATCH(LARGE('V_Para Piyasası'!$AC$2:$AC$62,ROW()-3),'V_Para Piyasası'!$AC$2:$AC$62,0)) -> Atlas Portföy Para Piyasası (TL) Fonu | D9: =INDEX('V_Para Piyasası'!C$2:C$62,MATCH(LARGE('V_Para Piyasası'!$AC$2:$AC$62,ROW()-3),'V_Para Piyasası'!$AC$2:$AC$62,0)) -> Atlas Portföy | E9: =INDEX('V_Para Piyasası'!D$2:D$62,MATCH(LARGE('V_Para Piyasası'!$AC$2:$AC$62,ROW()-3),'V_Para Piyasası'!$AC$2:$AC$62,0)) -> 0.0105 | F9: =INDEX('V_Para Piyasası'!E$2:E$62,MATCH(LARGE('V_Para Piyasası'!$AC$2:$AC$62,ROW()-3),'V_Para Piyasası'!$AC$2:$AC$62,0)) -> 0.11716495 | G9: =INDEX('V_Para Piyasası'!F$2:F$62,MATCH(LARGE('V_Para Piyasası'!$AC$2:$AC$62,ROW()-3),'V_Para Piyasası'!$AC$2:$AC$62,0)) -> 0.83838496 | H9: =INDEX('V_Para Piyasası'!G$2:G$62,MATCH(LARGE('V_Para Piyasası'!$AC$2:$AC$62,ROW()-3),'V_Para Piyasası'!$AC$2:$AC$62,0)) -> 3.8335256 | I9: =INDEX('V_Para Piyasası'!H$2:H$62,MATCH(LARGE('V_Para Piyasası'!$AC$2:$AC$62,ROW()-3),'V_Para Piyasası'!$AC$2:$AC$62,0)) -> 25.371128 | ... AB9: =INDEX('V_Para Piyasası'!AA$2:AA$62,MATCH(LARGE('V_Para Piyasası'!$AC$2:$AC$62,ROW()-3),'V_Para Piyasası'!$AC$2:$AC$62,0)) -> 0.8927
A10: 7 | B10: =INDEX('V_Para Piyasası'!A$2:A$62,MATCH(LARGE('V_Para Piyasası'!$AC$2:$AC$62,ROW()-3),'V_Para Piyasası'!$AC$2:$AC$62,0)) -> EIL | C10: =INDEX('V_Para Piyasası'!B$2:B$62,MATCH(LARGE('V_Para Piyasası'!$AC$2:$AC$62,ROW()-3),'V_Para Piyasası'!$AC$2:$AC$62,0)) -> Astra Portföy Para Piyasası (TL) Fonu | D10: =INDEX('V_Para Piyasası'!C$2:C$62,MATCH(LARGE('V_Para Piyasası'!$AC$2:$AC$62,ROW()-3),'V_Para Piyasası'!$AC$2:$AC$62,0)) -> Astra Portföy | E10: =INDEX('V_Para Piyasası'!D$2:D$62,MATCH(LARGE('V_Para Piyasası'!$AC$2:$AC$62,ROW()-3),'V_Para Piyasası'!$AC$2:$AC$62,0)) -> 0.0079935 | F10: =INDEX('V_Para Piyasası'!E$2:E$62,MATCH(LARGE('V_Para Piyasası'!$AC$2:$AC$62,ROW()-3),'V_Para Piyasası'!$AC$2:$AC$62,0)) -> 0.11648702 | G10: =INDEX('V_Para Piyasası'!F$2:F$62,MATCH(LARGE('V_Para Piyasası'!$AC$2:$AC$62,ROW()-3),'V_Para Piyasası'!$AC$2:$AC$62,0)) -> 0.78347895 | H10: =INDEX('V_Para Piyasası'!G$2:G$62,MATCH(LARGE('V_Para Piyasası'!$AC$2:$AC$62,ROW()-3),'V_Para Piyasası'!$AC$2:$AC$62,0)) -> 3.6344147 | I10: =INDEX('V_Para Piyasası'!H$2:H$62,MATCH(LARGE('V_Para Piyasası'!$AC$2:$AC$62,ROW()-3),'V_Para Piyasası'!$AC$2:$AC$62,0)) -> 23.221911 | ... AB10: =INDEX('V_Para Piyasası'!AA$2:AA$62,MATCH(LARGE('V_Para Piyasası'!$AC$2:$AC$62,ROW()-3),'V_Para Piyasası'!$AC$2:$AC$62,0)) -> 0.8587
A11: 8 | B11: =INDEX('V_Para Piyasası'!A$2:A$62,MATCH(LARGE('V_Para Piyasası'!$AC$2:$AC$62,ROW()-3),'V_Para Piyasası'!$AC$2:$AC$62,0)) -> PPN | C11: =INDEX('V_Para Piyasası'!B$2:B$62,MATCH(LARGE('V_Para Piyasası'!$AC$2:$AC$62,ROW()-3),'V_Para Piyasası'!$AC$2:$AC$62,0)) -> Nurol Portföy Para Piyasası (TL) Fonu | D11: =INDEX('V_Para Piyasası'!C$2:C$62,MATCH(LARGE('V_Para Piyasası'!$AC$2:$AC$62,ROW()-3),'V_Para Piyasası'!$AC$2:$AC$62,0)) -> Nurol Portföy | E11: =INDEX('V_Para Piyasası'!D$2:D$62,MATCH(LARGE('V_Para Piyasası'!$AC$2:$AC$62,ROW()-3),'V_Para Piyasası'!$AC$2:$AC$62,0)) -> 0.007 | F11: =INDEX('V_Para Piyasası'!E$2:E$62,MATCH(LARGE('V_Para Piyasası'!$AC$2:$AC$62,ROW()-3),'V_Para Piyasası'!$AC$2:$AC$62,0)) -> 0.11516072 | G11: =INDEX('V_Para Piyasası'!F$2:F$62,MATCH(LARGE('V_Para Piyasası'!$AC$2:$AC$62,ROW()-3),'V_Para Piyasası'!$AC$2:$AC$62,0)) -> 0.77093425 | H11: =INDEX('V_Para Piyasası'!G$2:G$62,MATCH(LARGE('V_Para Piyasası'!$AC$2:$AC$62,ROW()-3),'V_Para Piyasası'!$AC$2:$AC$62,0)) -> 3.5648078 | I11: =INDEX('V_Para Piyasası'!H$2:H$62,MATCH(LARGE('V_Para Piyasası'!$AC$2:$AC$62,ROW()-3),'V_Para Piyasası'!$AC$2:$AC$62,0)) -> 23.059961 | ... AB11: =INDEX('V_Para Piyasası'!AA$2:AA$62,MATCH(LARGE('V_Para Piyasası'!$AC$2:$AC$62,ROW()-3),'V_Para Piyasası'!$AC$2:$AC$62,0)) -> 0.8498
A12: 9 | B12: =INDEX('V_Para Piyasası'!A$2:A$62,MATCH(LARGE('V_Para Piyasası'!$AC$2:$AC$62,ROW()-3),'V_Para Piyasası'!$AC$2:$AC$62,0)) -> IOO | C12: =INDEX('V_Para Piyasası'!B$2:B$62,MATCH(LARGE('V_Para Piyasası'!$AC$2:$AC$62,ROW()-3),'V_Para Piyasası'!$AC$2:$AC$62,0)) -> İŞ Portföy İkinci Para Piyasası (TL) Fonu | D12: =INDEX('V_Para Piyasası'!C$2:C$62,MATCH(LARGE('V_Para Piyasası'!$AC$2:$AC$62,ROW()-3),'V_Para Piyasası'!$AC$2:$AC$62,0)) -> İŞ Portföy | E12: =INDEX('V_Para Piyasası'!D$2:D$62,MATCH(LARGE('V_Para Piyasası'!$AC$2:$AC$62,ROW()-3),'V_Para Piyasası'!$AC$2:$AC$62,0)) -> 0.0105 | F12: =INDEX('V_Para Piyasası'!E$2:E$62,MATCH(LARGE('V_Para Piyasası'!$AC$2:$AC$62,ROW()-3),'V_Para Piyasası'!$AC$2:$AC$62,0)) -> 0.11512434 | G12: =INDEX('V_Para Piyasası'!F$2:F$62,MATCH(LARGE('V_Para Piyasası'!$AC$2:$AC$62,ROW()-3),'V_Para Piyasası'!$AC$2:$AC$62,0)) -> 0.71226161 | H12: =INDEX('V_Para Piyasası'!G$2:G$62,MATCH(LARGE('V_Para Piyasası'!$AC$2:$AC$62,ROW()-3),'V_Para Piyasası'!$AC$2:$AC$62,0)) -> 3.4049755 | I12: =INDEX('V_Para Piyasası'!H$2:H$62,MATCH(LARGE('V_Para Piyasası'!$AC$2:$AC$62,ROW()-3),'V_Para Piyasası'!$AC$2:$AC$62,0)) -> 21.878267 | ... AB12: =INDEX('V_Para Piyasası'!AA$2:AA$62,MATCH(LARGE('V_Para Piyasası'!$AC$2:$AC$62,ROW()-3),'V_Para Piyasası'!$AC$2:$AC$62,0)) -> 0.6913
A13: 10 | B13: =INDEX('V_Para Piyasası'!A$2:A$62,MATCH(LARGE('V_Para Piyasası'!$AC$2:$AC$62,ROW()-3),'V_Para Piyasası'!$AC$2:$AC$62,0)) -> BVF | C13: =INDEX('V_Para Piyasası'!B$2:B$62,MATCH(LARGE('V_Para Piyasası'!$AC$2:$AC$62,ROW()-3),'V_Para Piyasası'!$AC$2:$AC$62,0)) -> BV Portföy Para Piyasası (TL) Fon | D13: =INDEX('V_Para Piyasası'!C$2:C$62,MATCH(LARGE('V_Para Piyasası'!$AC$2:$AC$62,ROW()-3),'V_Para Piyasası'!$AC$2:$AC$62,0)) -> BV Portföy | E13: =INDEX('V_Para Piyasası'!D$2:D$62,MATCH(LARGE('V_Para Piyasası'!$AC$2:$AC$62,ROW()-3),'V_Para Piyasası'!$AC$2:$AC$62,0)) -> 0.008 | F13: =INDEX('V_Para Piyasası'!E$2:E$62,MATCH(LARGE('V_Para Piyasası'!$AC$2:$AC$62,ROW()-3),'V_Para Piyasası'!$AC$2:$AC$62,0)) -> 0.11429129 | G13: =INDEX('V_Para Piyasası'!F$2:F$62,MATCH(LARGE('V_Para Piyasası'!$AC$2:$AC$62,ROW()-3),'V_Para Piyasası'!$AC$2:$AC$62,0)) -> 0.78584497 | H13: =INDEX('V_Para Piyasası'!G$2:G$62,MATCH(LARGE('V_Para Piyasası'!$AC$2:$AC$62,ROW()-3),'V_Para Piyasası'!$AC$2:$AC$62,0)) -> 3.6061287 | I13: =INDEX('V_Para Piyasası'!H$2:H$62,MATCH(LARGE('V_Para Piyasası'!$AC$2:$AC$62,ROW()-3),'V_Para Piyasası'!$AC$2:$AC$62,0)) -> 23.435745 | ... AB13: =INDEX('V_Para Piyasası'!AA$2:AA$62,MATCH(LARGE('V_Para Piyasası'!$AC$2:$AC$62,ROW()-3),'V_Para Piyasası'!$AC$2:$AC$62,0)) -> 0.7342
A14: 11 | B14: =INDEX('V_Para Piyasası'!A$2:A$62,MATCH(LARGE('V_Para Piyasası'!$AC$2:$AC$62,ROW()-3),'V_Para Piyasası'!$AC$2:$AC$62,0)) -> RBP | C14: =INDEX('V_Para Piyasası'!B$2:B$62,MATCH(LARGE('V_Para Piyasası'!$AC$2:$AC$62,ROW()-3),'V_Para Piyasası'!$AC$2:$AC$62,0)) -> Re-pıe Portföy Birinci Para Piyasası (TL) Fonu | D14: =INDEX('V_Para Piyasası'!C$2:C$62,MATCH(LARGE('V_Para Piyasası'!$AC$2:$AC$62,ROW()-3),'V_Para Piyasası'!$AC$2:$AC$62,0)) -> Re-pıe Portföy | E14: =INDEX('V_Para Piyasası'!D$2:D$62,MATCH(LARGE('V_Para Piyasası'!$AC$2:$AC$62,ROW()-3),'V_Para Piyasası'!$AC$2:$AC$62,0)) -> 0.009 | F14: =INDEX('V_Para Piyasası'!E$2:E$62,MATCH(LARGE('V_Para Piyasası'!$AC$2:$AC$62,ROW()-3),'V_Para Piyasası'!$AC$2:$AC$62,0)) -> 0.1141602 | G14: =INDEX('V_Para Piyasası'!F$2:F$62,MATCH(LARGE('V_Para Piyasası'!$AC$2:$AC$62,ROW()-3),'V_Para Piyasası'!$AC$2:$AC$62,0)) -> 0.81255198 | H14: =INDEX('V_Para Piyasası'!G$2:G$62,MATCH(LARGE('V_Para Piyasası'!$AC$2:$AC$62,ROW()-3),'V_Para Piyasası'!$AC$2:$AC$62,0)) -> 3.7369619 | I14: =INDEX('V_Para Piyasası'!H$2:H$62,MATCH(LARGE('V_Para Piyasası'!$AC$2:$AC$62,ROW()-3),'V_Para Piyasası'!$AC$2:$AC$62,0)) -> 24.46966 | ... AB14: =INDEX('V_Para Piyasası'!AA$2:AA$62,MATCH(LARGE('V_Para Piyasası'!$AC$2:$AC$62,ROW()-3),'V_Para Piyasası'!$AC$2:$AC$62,0)) -> 0.8796
A15: 12 | B15: =INDEX('V_Para Piyasası'!A$2:A$62,MATCH(LARGE('V_Para Piyasası'!$AC$2:$AC$62,ROW()-3),'V_Para Piyasası'!$AC$2:$AC$62,0)) -> GTL | C15: =INDEX('V_Para Piyasası'!B$2:B$62,MATCH(LARGE('V_Para Piyasası'!$AC$2:$AC$62,ROW()-3),'V_Para Piyasası'!$AC$2:$AC$62,0)) -> Garanti Portföy Birinci Para Piyasası (TL) Fonu | D15: =INDEX('V_Para Piyasası'!C$2:C$62,MATCH(LARGE('V_Para Piyasası'!$AC$2:$AC$62,ROW()-3),'V_Para Piyasası'!$AC$2:$AC$62,0)) -> Garanti Portföy | E15: =INDEX('V_Para Piyasası'!D$2:D$62,MATCH(LARGE('V_Para Piyasası'!$AC$2:$AC$62,ROW()-3),'V_Para Piyasası'!$AC$2:$AC$62,0)) -> 0.014 | F15: =INDEX('V_Para Piyasası'!E$2:E$62,MATCH(LARGE('V_Para Piyasası'!$AC$2:$AC$62,ROW()-3),'V_Para Piyasası'!$AC$2:$AC$62,0)) -> 0.11376652 | G15: =INDEX('V_Para Piyasası'!F$2:F$62,MATCH(LARGE('V_Para Piyasası'!$AC$2:$AC$62,ROW()-3),'V_Para Piyasası'!$AC$2:$AC$62,0)) -> 0.73511661 | H15: =INDEX('V_Para Piyasası'!G$2:G$62,MATCH(LARGE('V_Para Piyasası'!$AC$2:$AC$62,ROW()-3),'V_Para Piyasası'!$AC$2:$AC$62,0)) -> 3.4615415 | I15: =INDEX('V_Para Piyasası'!H$2:H$62,MATCH(LARGE('V_Para Piyasası'!$AC$2:$AC$62,ROW()-3),'V_Para Piyasası'!$AC$2:$AC$62,0)) -> 21.882714 | ... AB15: =INDEX('V_Para Piyasası'!AA$2:AA$62,MATCH(LARGE('V_Para Piyasası'!$AC$2:$AC$62,ROW()-3),'V_Para Piyasası'!$AC$2:$AC$62,0)) -> 0.827
... A64: 61 | B64: =INDEX('V_Para Piyasası'!A$2:A$62,MATCH(LARGE('V_Para Piyasası'!$AC$2:$AC$62,ROW()-3),'V_Para Piyasası'!$AC$2:$AC$62,0)) -> AAL | C64: =INDEX('V_Para Piyasası'!B$2:B$62,MATCH(LARGE('V_Para Piyasası'!$AC$2:$AC$62,ROW()-3),'V_Para Piyasası'!$AC$2:$AC$62,0)) -> Ata Portföy Para Piyasası (TL) Fonu | D64: =INDEX('V_Para Piyasası'!C$2:C$62,MATCH(LARGE('V_Para Piyasası'!$AC$2:$AC$62,ROW()-3),'V_Para Piyasası'!$AC$2:$AC$62,0)) -> Ata Portföy | E64: =INDEX('V_Para Piyasası'!D$2:D$62,MATCH(LARGE('V_Para Piyasası'!$AC$2:$AC$62,ROW()-3),'V_Para Piyasası'!$AC$2:$AC$62,0)) -> 0.01 | F64: =INDEX('V_Para Piyasası'!E$2:E$62,MATCH(LARGE('V_Para Piyasası'!$AC$2:$AC$62,ROW()-3),'V_Para Piyasası'!$AC$2:$AC$62,0)) -> 0.092497231 | G64: =INDEX('V_Para Piyasası'!F$2:F$62,MATCH(LARGE('V_Para Piyasası'!$AC$2:$AC$62,ROW()-3),'V_Para Piyasası'!$AC$2:$AC$62,0)) -> 0.64244297 | H64: =INDEX('V_Para Piyasası'!G$2:G$62,MATCH(LARGE('V_Para Piyasası'!$AC$2:$AC$62,ROW()-3),'V_Para Piyasası'!$AC$2:$AC$62,0)) -> 3.2749157 | I64: =INDEX('V_Para Piyasası'!H$2:H$62,MATCH(LARGE('V_Para Piyasası'!$AC$2:$AC$62,ROW()-3),'V_Para Piyasası'!$AC$2:$AC$62,0)) -> 20.582545 | ... AB64: =INDEX('V_Para Piyasası'!AA$2:AA$62,MATCH(LARGE('V_Para Piyasası'!$AC$2:$AC$62,ROW()-3),'V_Para Piyasası'!$AC$2:$AC$62,0)) -> 0.7316

Sheet V_Hisse
A1: Fon Kodu | B1: Hisse Fonları | C1: Yönetici | D1: FYÜ% | E1: Günlük% | F1: Haftalık | G1: Aylık | H1: Yılbaşına Göre | I1: Yıllık | J1: Yatırımcı Sayısı T-30 | K1: Yatırımcı Sayısı T-1 | L1: YS Değişim | M1: Önceki Ay FTD | N1: T-1 FTD | O1: FTD Değişim | P1: Standart Sapma (Aylık) | Q1: TEFAS Durumu | R1: Mevduat (TL) | S1: Vadeli İşlemler Nakit Teminatları | T1: Ters Repo Oranı | U1: Hisse Oranı | V1: Para Piyasaları Oranı | W1: Yatırım Fonları Katılma Payları | X1: Özel Tahvil/Bono Oranı | Y1: Finansman Bonosu Oranı | Z1: Diğer Oran | AA1: Toplam
A2: PHE | B2: Pusula Portföy Hisse Senedi Fonu (Hisse Senedi Yoğun Fon) | C2: Pusula Portföy | D2: 0.025 | E2: 0.12255828 | F2: 3.1021785 | G2: 16.176103 | H2: 168.31795 | I2: 219.23136 | J2: 94000 | K2: 147938 | L2: 0.57380851 | M2: 4.5691005e+10 | N2: 7.2342029e+10 | O2: 0.58328818 | P2: 0.72052461 | Q2: Görüyor | R2: 0 | S2: 0.0098 | T2: 0 | U2: 0.8003 | V2: 0.0149 | W2: 0.175 | X2: 0 | Y2: 0 | Z2: 0 | AA2: 1 | AC2: =IF(ISNUMBER(INDEX($A$2:$AA$42,1,MATCH(Hisse!$E$2,$A$1:$AA$1,0))),INDEX($A$2:$AA$42,1,MATCH(Hisse!$E$2,$A$1:$AA$1,0)),-1000000000)-ROW()/10000000 -> 3.1021783
A3: NNF | B3: Hedef Portföy Birinci Hisse Senedi (TL) Fonu (Hisse Senedi Yoğun Fon) | C3: Hedef Portföy | D3: 0.027 | E3: 0.10953491 | F3: -0.49356793 | G3: 4.1824614 | H3: 14.276418 | I3: 16.057098 | J3: 20970 | K3: 20039 | L3: -0.044396757 | M3: 2.7996842e+09 | N3: 2.7163501e+09 | O3: -0.029765537 | P3: 1.1465689 | Q3: Görüyor | R3: 0 | S3: 0 | T3: 0 | U3: 0.9853 | V3: 0 | W3: 0.0147 | X3: 0 | Y3: 0 | Z3: 0 | AA3: 1 | AC3: =IF(ISNUMBER(INDEX($A$2:$AA$42,2,MATCH(Hisse!$E$2,$A$1:$AA$1,0))),INDEX($A$2:$AA$42,2,MATCH(Hisse!$E$2,$A$1:$AA$1,0)),-1000000000)-ROW()/10000000 -> -0.49356823
A4: BIH | B4: Pardus Portföy Birinci Hisse Senedi (TL) Fonu (Hisse Senedi Yoğun Fon) | C4: Pardus Portföy | D4: 0.02 | E4: -0.078076559 | F4: 1.7415206 | G4: 5.2315656 | H4: 27.107945 | I4: 91.672428 | J4: 499 | K4: 544 | L4: 0.090180361 | M4: 7.6282661e+08 | N4: 8.0304451e+08 | O4: 0.052722202 | P4: 0.39143251 | Q4: Görüyor | R4: 0.0006 | S4: 0.0697 | T4: 0 | U4: 0.8311 | V4: 0 | W4: 0.0986 | X4: 0 | Y4: 0 | Z4: 0 | AA4: 1 | AC4: =IF(ISNUMBER(INDEX($A$2:$AA$42,3,MATCH(Hisse!$E$2,$A$1:$AA$1,0))),INDEX($A$2:$AA$42,3,MATCH(Hisse!$E$2,$A$1:$AA$1,0)),-1000000000)-ROW()/10000000 -> 1.7415202
A5: GO9 | B5: One Portföy Birinci Hisse Senedi Fonu (Hisse Senedi Yoğun Fon) | C5: One Portföy | D5: 0.03 | E5: -0.13050305 | F5: 2.4613878 | G5: 9.6539476 | H5: 44.805572 | I5: 72.972768 | J5: 1875 | K5: 1718 | L5: -0.083733333 | M5: 4.2400148e+08 | N5: 4.6617969e+08 | O5: 0.099476564 | P5: 1.3182284 | Q5: Görüyor | R5: 0 | S5: 0 | T5: 0 | U5: 0.9711 | V5: 0.0289 | W5: 0 | X5: 0 | Y5: 0 | Z5: 0 | AA5: 1 | AC5: =IF(ISNUMBER(INDEX($A$2:$AA$42,4,MATCH(Hisse!$E$2,$A$1:$AA$1,0))),INDEX($A$2:$AA$42,4,MATCH(Hisse!$E$2,$A$1:$AA$1,0)),-1000000000)-ROW()/10000000 -> 2.4613873
A6: MTH | B6: MT Portföy Birinci Hisse Senedi Fonu (Hisse Senedi Yoğun Fon) | C6: MT Portföy | D6: 0.0273 | E6: -0.44334957 | F6: 0.26276607 | G6: 6.8623806 | H6: 32.451307 | I6: 76.638998 | J6: 3838 | K6: 3523 | L6: -0.082073997 | M6: 4.2457551e+08 | N6: 3.5746995e+08 | O6: -0.15805329 | P6: 1.3050816 | Q6: Görüyor | R6: 0.0017 | S6: 0 | T6: 0.0417 | U6: 0.8468 | V6: 0 | W6: 0.1086 | X6: 0 | Y6: 0 | Z6: 0 | AA6: 0.9988 | AC6: =IF(ISNUMBER(INDEX($A$2:$AA$42,5,MATCH(Hisse!$E$2,$A$1:$AA$1,0))),INDEX($A$2:$AA$42,5,MATCH(Hisse!$E$2,$A$1:$AA$1,0)),-1000000000)-ROW()/10000000 -> 0.26276547
A7: THD | B7: Trıve Portföy Birinci Hisse Senedi (TL) Fon (Hisse Senedi Yoğun Fon) | C7: Trıve Portföy | D7: 0.025 | E7: -0.4882672 | F7: -1.4537914 | G7: 0.61234007 | H7: 21.541298 | I7: 26.190097 | J7: 215 | K7: 206 | L7: -0.041860465 | M7: 8962955.4 | N7: 8648840.2 | O7: -0.035045946 | P7: 1.1753965 | Q7: Görüyor | R7: 0 | S7: 0.0423 | T7: 0 | U7: 0.9174 | V7: 0.0402 | W7: 0.0001 | X7: 0 | Y7: 0 | Z7: 0 | AA7: 1 | AC7: =IF(ISNUMBER(INDEX($A$2:$AA$42,6,MATCH(Hisse!$E$2,$A$1:$AA$1,0))),INDEX($A$2:$AA$42,6,MATCH(Hisse!$E$2,$A$1:$AA$1,0)),-1000000000)-ROW()/10000000 -> -1.4537921
A8: NHY | B8: Neo Portföy Birinci Hisse Senedi (TL) Fonu (Hisse Senedi Yoğun Fon) | C8: Neo Portföy | D8: 0.029 | E8: -0.49833833 | F8: -2.5096078 | G8: 3.9853805 | H8: 32.100862 | I8: 50.720805 | J8: 2274 | K8: 2205 | L8: -0.030343008 | M8: 1.6944381e+08 | N8: 1.8881876e+08 | O8: 0.11434443 | P8: 1.164218 | Q8: Görüyor | R8: 0 | S8: 0 | T8: 0 | U8: 1.0311 | V8: -0.0311 | W8: 0 | X8: 0 | Y8: 0 | Z8: 0 | AA8: 1 | AC8: =IF(ISNUMBER(INDEX($A$2:$AA$42,7,MATCH(Hisse!$E$2,$A$1:$AA$1,0))),INDEX($A$2:$AA$42,7,MATCH(Hisse!$E$2,$A$1:$AA$1,0)),-1000000000)-ROW()/10000000 -> -2.5096086
A9: TLH | B9: Aura Portföy Hisse Senedi Fonu (Hisse Senedi Yoğun Fon) | C9: Aura Portföy | D9: 0.0275 | E9: -0.54188227 | F9: -2.7118533 | G9: 0.41568782 | H9: 17.792073 | I9: 39.257342 | J9: 410 | K9: 378 | L9: -0.07804878 | M9: 1.2982694e+08 | N9: 1.4083425e+08 | O9: 0.084784507 | P9: 1.356017 | Q9: Görüyor | R9: 0 | S9: 0.0337 | T9: 0 | U9: 0.8403 | V9: 0 | W9: 0.1034 | X9: 0 | Y9: 0 | Z9: 0 | AA9: 0.9774 | AC9: =IF(ISNUMBER(INDEX($A$2:$AA$42,8,MATCH(Hisse!$E$2,$A$1:$AA$1,0))),INDEX($A$2:$AA$42,8,MATCH(Hisse!$E$2,$A$1:$AA$1,0)),-1000000000)-ROW()/10000000 -> -2.7118542
A10: ST1 | B10: Strateji Portföy Birinci Hisse Senedi Fonu (Hisse Senedi Yoğun Fon) | C10: Strateji Portföy | D10: 0.02993 | E10: -0.58292447 | F10: -2.5286492 | G10: -3.0270543 | H10: 13.132316 | I10: 12.355262 | J10: 2853 | K10: 2643 | L10: -0.07360673 | M10: 6.6905636e+08 | N10: 6.3986592e+08 | O10: -0.043629279 | P10: 1.1124316 | Q10: Görüyor | R10: 0 | S10: 0.0523 | T10: 0.0765 | U10: 0.8712 | V10: 0 | W10: 0 | X10: 0 | Y10: 0 | Z10: 0 | AA10: 1 | AC10: =IF(ISNUMBER(INDEX($A$2:$AA$42,9,MATCH(Hisse!$E$2,$A$1:$AA$1,0))),INDEX($A$2:$AA$42,9,MATCH(Hisse!$E$2,$A$1:$AA$1,0)),-1000000000)-ROW()/10000000 -> -2.5286502
A11: EC2 | B11: Global MD Portföy Birinci Hisse Senedi Fonu(hisse Senedi Yoğun Fon) | C11: Global MD Portföy | D11: 0.0274 | E11: -0.7034615 | F11: -0.93925876 | G11: 0.012315927 | H11: 3.4763744 | I11: 2.3817115 | J11: 2319 | K11: 2144 | L11: -0.075463562 | M11: 79666032 | N11: 72317982 | O11: -0.092235669 | P11: 1.411212 | Q11: Görüyor | R11: 0 | S11: 0.0022 | T11: 0 | U11: 0.9045 | V11: 0 | W11: 0.0933 | X11: 0 | Y11: 0 | Z11: 0 | AA11: 1 | AC11: =IF(ISNUMBER(INDEX($A$2:$AA$42,10,MATCH(Hisse!$E$2,$A$1:$AA$1,0))),INDEX($A$2:$AA$42,10,MATCH(Hisse!$E$2,$A$1:$AA$1,0)),-1000000000)-ROW()/10000000 -> -0.93925986
A12: ICF | B12: Icbc Turkey Portföy Hisse Senedi Fonu(hisse Senedi Yoğun Fon) | C12: Icbc Turkey Portföy | D12: 0.02 | E12: -0.71860248 | F12: -1.6439888 | G12: -0.504192 | H12: 21.92827 | I12: 28.161547 | J12: 543 | K12: 514 | L12: -0.053406998 | M12: 20030011 | N12: 19603166 | O12: -0.021310235 | P12: 1.1330097 | Q12: Görüyor | R12: 0 | S12: 0.0809 | T12: 0 | U12: 0.893 | V12: 0.0261 | W12: 0 | X12: 0 | Y12: 0 | Z12: 0 | AA12: 1 | AC12: =IF(ISNUMBER(INDEX($A$2:$AA$42,11,MATCH(Hisse!$E$2,$A$1:$AA$1,0))),INDEX($A$2:$AA$42,11,MATCH(Hisse!$E$2,$A$1:$AA$1,0)),-1000000000)-ROW()/10000000 -> -1.64399
A13: BHA | B13: Bulls Portföy Hisse Senedi (TL) Fonu (Hisse Senedi Yoğun Fon) | C13: Bulls Portföy | D13: 0.0275 | E13: -0.74278373 | F13: 1.0697985 | G13: 5.6726441 | H13: 34.6961 | I13: 47.167096 | J13: 752 | K13: 708 | L13: -0.058510638 | M13: 70231295 | N13: 86585097 | O13: 0.23285634 | P13: 1.4093579 | Q13: Görüyor | R13: 0 | S13: 0.039 | T13: 0 | U13: 0.8305 | V13: 0.0927 | W13: 0.0378 | X13: 0 | Y13: 0 | Z13: 0 | AA13: 1 | AC13: =IF(ISNUMBER(INDEX($A$2:$AA$42,12,MATCH(Hisse!$E$2,$A$1:$AA$1,0))),INDEX($A$2:$AA$42,12,MATCH(Hisse!$E$2,$A$1:$AA$1,0)),-1000000000)-ROW()/10000000 -> 1.0697972
A14: HVZ | B14: Allbatross Portföy Birinci Hisse Senedi (TL) Fonu (Hisse Senedi Yoğun Fon) | C14: Allbatross Portföy | D14: 0.027 | E14: -0.78651833 | F14: -0.79647823 | G14: 0.35101136 | H14: 12.628151 | I14: 18.80713 | J14: 1983 | K14: 1897 | L14: -0.043368633 | M14: 1.0059262e+08 | N14: 99425434 | O14: -0.011603143 | P14: 1.1308855 | Q14: Görüyor | R14: 0 | S14: 0 | T14: 0 | U14: 0.9111 | V14: 0 | W14: 0.0889 | X14: 0 | Y14: 0 | Z14: 0 | AA14: 1 | AC14: =IF(ISNUMBER(INDEX($A$2:$AA$42,13,MATCH(Hisse!$E$2,$A$1:$AA$1,0))),INDEX($A$2:$AA$42,13,MATCH(Hisse!$E$2,$A$1:$AA$1,0)),-1000000000)-ROW()/10000000 -> -0.79647963
A15: EID | B15: Astra Portföy Hisse Senedi Fonu (Hisse Yoğun Fon) | C15: Astra Portföy | D15: 0.03 | E15: -0.79477224 | F15: -2.4683855 | G15: 1.9123824 | H15: 19.301922 | I15: 29.836266 | J15: 2073 | K15: 1982 | L15: -0.043897733 | M15: 95774477 | N15: 93624689 | O15: -0.022446349 | P15: 1.4145101 | Q15: Görüyor | R15: 0 | S15: 0 | T15: 0 | U15: 0.8475 | V15: 0.1158 | W15: 0.0135 | X15: 0 | Y15: 0 | Z15: 0.0232 | AA15: 1 | AC15: =IF(ISNUMBER(INDEX($A$2:$AA$42,14,MATCH(Hisse!$E$2,$A$1:$AA$1,0))),INDEX($A$2:$AA$42,14,MATCH(Hisse!$E$2,$A$1:$AA$1,0)),-1000000000)-ROW()/10000000 -> -2.468387
A16: RHI | B16: Re-pıe Portföy Birinci Hisse Senedi (TL) Fonu (Hisse Senedi Yoğun Fon) | C16: Re-pıe Portföy | D16: 0.02 | E16: -0.79608983 | F16: -2.6371493 | G16: 1.8915987 | H16: 35.613462 | I16: 38.064638 | J16: 503 | K16: 452 | L16: -0.10139165 | M16: 60949736 | N16: 43018795 | O16: -0.29419226 | P16: 1.3057426 | Q16: Görüyor | R16: 0 | S16: 0 | T16: 0 | U16: 0.9379 | V16: 0.0602 | W16: 0.0019 | X16: 0 | Y16: 0 | Z16: 0 | AA16: 1 | AC16: =IF(ISNUMBER(INDEX($A$2:$AA$42,15,MATCH(Hisse!$E$2,$A$1:$AA$1,0))),INDEX($A$2:$AA$42,15,MATCH(Hisse!$E$2,$A$1:$AA$1,0)),-1000000000)-ROW()/10000000 -> -2.6371509
A17: TZD | B17: Ziraat Portföy Hisse Senedi Fonu (Hisse Senedi Yoğun Fon) | C17: Ziraat Portföy | D17: 0.0275 | E17: -0.80632113 | F17: -1.9920356 | G17: 0.54766752 | H17: 17.003666 | I17: 25.216292 | J17: 8045 | K17: 7952 | L17: -0.011559975 | M17: 9.0976451e+08 | N17: 6.2608905e+08 | O17: -0.31181196 | P17: 1.4381317 | Q17: Görüyor | R17: 0 | S17: 0 | T17: 0.0121 | U17: 0.9212 | V17: 0 | W17: 0.0016 | X17: 0 | Y17: 0 | Z17: 0 | AA17: 0.9349 | AC17: =IF(ISNUMBER(INDEX($A$2:$AA$42,16,MATCH(Hisse!$E$2,$A$1:$AA$1,0))),INDEX($A$2:$AA$42,16,MATCH(Hisse!$E$2,$A$1:$AA$1,0)),-1000000000)-ROW()/10000000 -> -1.9920373
A18: KYA | B18: Kare Portföy Hisse Senedi Fonu(hisse Senedi Yoğun Fon) | C18: Kare Portföy | D18: 0.0292 | E18: -0.82182139 | F18: -1.0396591 | G18: 2.7710976 | H18: 10.950964 | I18: 19.123825 | J18: 1806 | K18: 1677 | L18: -0.071428571 | M18: 68807287 | N18: 66897773 | O18: -0.027751616 | P18: 1.1694263 | Q18: Görüyor | R18: 0 | S18: 0.0407 | T18: 0 | U18: 0.8574 | V18: 0 | W18: 0.1019 | X18: 0 | Y18: 0 | Z18: 0 | AA18: 1 | AC18: =IF(ISNUMBER(INDEX($A$2:$AA$42,17,MATCH(Hisse!$E$2,$A$1:$AA$1,0))),INDEX($A$2:$AA$42,17,MATCH(Hisse!$E$2,$A$1:$AA$1,0)),-1000000000)-ROW()/10000000 -> -1.0396609
A19: HVS | B19: Hsbc Portföy Hisse Senedi (TL) Fonu (Hisse Senedi Yoğun Fon) | C19: Hsbc Portföy | D19: 0.025 | E19: -0.8430809 | F19: -2.7463588 | G19: 1.5905181 | H19: 26.48465 | I19: 29.200425 | J19: 10615 | K19: 10195 | L19: -0.039566651 | M19: 2.8419441e+09 | N19: 2.8209411e+09 | O19: -0.0073903758 | P19: 1.2641448 | Q19: Görüyor | R19: 0 | S19: 0.0341 | T19: 0 | U19: 0.9164 | V19: 0.0495 | W19: 0 | X19: 0 | Y19: 0 | Z19: 0 | AA19: 1 | AC19: =IF(ISNUMBER(INDEX($A$2:$AA$42,18,MATCH(Hisse!$E$2,$A$1:$AA$1,0))),INDEX($A$2:$AA$42,18,MATCH(Hisse!$E$2,$A$1:$AA$1,0)),-1000000000)-ROW()/10000000 -> -2.7463607
A20: AK3 | B20: AK Portföy Hisse Senedi (TL) Fonu (Hisse Senedi Yoğun Fon) | C20: AK Portföy | D20: 0.034 | E20: -0.90202298 | F20: -2.0058991 | G20: -0.23758246 | H20: 24.649653 | I20: 38.065851 | J20: 21754 | K20: 20861 | L20: -0.041049922 | M20: 8.19152e+09 | N20: 7.1030637e+09 | O20: -0.13287598 | P20: 1.4146711 | Q20: Görüyor | R20: 0 | S20: 0.0476 | T20: 0.0798 | U20: 0.8473 | V20: 0.0001 | W20: 0.0212 | X20: 0 | Y20: 0 | Z20: 0 | AA20: 0.996 | AC20: =IF(ISNUMBER(INDEX($A$2:$AA$42,19,MATCH(Hisse!$E$2,$A$1:$AA$1,0))),INDEX($A$2:$AA$42,19,MATCH(Hisse!$E$2,$A$1:$AA$1,0)),-1000000000)-ROW()/10000000 -> -2.0059011
A21: OPH | B21: Osmanlı Portföy Birinci Hisse Senedi Fonu(hisse Senedi Yoğun Fon) | C21: Osmanlı Portföy | D21: 0.026 | E21: -0.9109622 | F21: -0.54672867 | G21: 0.365836 | H21: 23.271454 | I21: 33.378067 | J21: 2667 | K21: 2578 | L21: -0.033370829 | M21: 9.0974477e+08 | N21: 9.1823712e+08 | O21: 0.0093348743 | P21: 1.0899144 | Q21: Görüyor | R21: 0 | S21: 0.0001 | T21: 0 | U21: 0.9931 | V21: 0.0064 | W21: 0 | X21: 0 | Y21: 0 | Z21: 0 | AA21: 0.9996 | AC21: =IF(ISNUMBER(INDEX($A$2:$AA$42,20,MATCH(Hisse!$E$2,$A$1:$AA$1,0))),INDEX($A$2:$AA$42,20,MATCH(Hisse!$E$2,$A$1:$AA$1,0)),-1000000000)-ROW()/10000000 -> -0.54673077
A22: NPH | B22: Nurol Portföy Birinci Hisse Senedi Fonu (Hisse Senedi Yoğun Fon) | C22: Nurol Portföy | D22: 0.0275 | E22: -0.92677085 | F22: -4.9536219 | G22: -6.0158631 | H22: 0.98132214 | I22: 15.311544 | J22: 968 | K22: 834 | L22: -0.13842975 | M22: 2.8362396e+08 | N22: 2.6006539e+08 | O22: -0.083062716 | P22: 1.5678222 | Q22: Görüyor | R22: 0 | S22: 0.0511 | T22: 0 | U22: 0.9689 | V22: 0 | W22: 0.0016 | X22: 0 | Y22: 0 | Z22: 0 | AA22: 1.0216 | AC22: =IF(ISNUMBER(INDEX($A$2:$AA$42,21,MATCH(Hisse!$E$2,$A$1:$AA$1,0))),INDEX($A$2:$AA$42,21,MATCH(Hisse!$E$2,$A$1:$AA$1,0)),-1000000000)-ROW()/10000000 -> -4.9536241
A23: DAH | B23: Deniz Portföy Hisse Senedi Fonu (Hisse Senedi Yoğun Fon) | C23: Deniz Portföy | D23: 0.0292 | E23: -0.954125 | F23: -1.6692645 | G23: -0.65029747 | H23: 16.466486 | I23: 27.065989 | J23: 2782 | K23: 2695 | L23: -0.031272466 | M23: 6.6745967e+08 | N23: 6.2551287e+08 | O23: -0.062845448 | P23: 1.348172 | Q23: Görüyor | R23: 0.0011 | S23: 0.0493 | T23: 0 | U23: 0.8562 | V23: 0.0934 | W23: 0 | X23: 0 | Y23: 0 | Z23: 0 | AA23: 1 | AC23: =IF(ISNUMBER(INDEX($A$2:$AA$42,22,MATCH(Hisse!$E$2,$A$1:$AA$1,0))),INDEX($A$2:$AA$42,22,MATCH(Hisse!$E$2,$A$1:$AA$1,0)),-1000000000)-ROW()/10000000 -> -1.6692668
A24: BV1 | B24: BV Portföy Birinci Hisse Senedi (TL) Fon (Hisse Senedi Yoğun Fon) | C24: BV Portföy | D24: 0.02 | E24: -0.9602732 | F24: -0.78741804 | G24: 2.3061269 | H24: 19.801692 | I24: 48.255893 | J24: 634 | K24: 526 | L24: -0.170347 | M24: 1.2869746e+08 | N24: 77787566 | O24: -0.39557809 | P24: 1.4421587 | Q24: Görüyor | R24: 0 | S24: 0.0291 | T24: 0 | U24: 0.9709 | V24: 0 | W24: 0 | X24: 0 | Y24: 0 | Z24: 0 | AA24: 1 | AC24: =IF(ISNUMBER(INDEX($A$2:$AA$42,23,MATCH(Hisse!$E$2,$A$1:$AA$1,0))),INDEX($A$2:$AA$42,23,MATCH(Hisse!$E$2,$A$1:$AA$1,0)),-1000000000)-ROW()/10000000 -> -0.78742044
A25: RHS | B25: Rota Portföy Hisse Senedi (TL) Fon (Hisse Senedi Yoğun Fon) | C25: Rota Portföy | D25: 0.025 | E25: -0.99356365 | F25: -0.97077027 | G25: 2.0995994 | H25: 24.372575 | I25: 44.483794 | J25: 1721 | K25: 1633 | L25: -0.051133062 | M25: 6.2169121e+08 | N25: 8.3222375e+08 | O25: 0.33864488 | P25: 1.2655108 | Q25: Görüyor | R25: 0 | S25: 0.0416 | T25: 0.0673 | U25: 0.8606 | V25: 0.0011 | W25: 0.0027 | X25: 0 | Y25: 0 | Z25: 0 | AA25: 0.9733 | AC25: =IF(ISNUMBER(INDEX($A$2:$AA$42,24,MATCH(Hisse!$E$2,$A$1:$AA$1,0))),INDEX($A$2:$AA$42,24,MATCH(Hisse!$E$2,$A$1:$AA$1,0)),-1000000000)-ROW()/10000000 -> -0.97077277
A26: OHB | B26: Oyak Portföy Birinci Hisse Senedi (TL) Fonu (Hisse Senedi Yoğun Fon) | C26: Oyak Portföy | D26: 0.020002 | E26: -0.99606237 | F26: -1.8840558 | G26: 1.3373804 | H26: 18.668236 | I26: 25.389617 | J26: 1110 | K26: 1073 | L26: -0.033333333 | M26: 1.3818426e+09 | N26: 1.3475333e+09 | O26: -0.024828698 | P26: 1.239817 | Q26: Görüyor | R26: 0 | S26: 0.015 | T26: 0.0478 | U26: 0.9179 | V26: 0.0003 | W26: 0 | X26: 0 | Y26: 0 | Z26: 0 | AA26: 0.981 | AC26: =IF(ISNUMBER(INDEX($A$2:$AA$42,25,MATCH(Hisse!$E$2,$A$1:$AA$1,0))),INDEX($A$2:$AA$42,25,MATCH(Hisse!$E$2,$A$1:$AA$1,0)),-1000000000)-ROW()/10000000 -> -1.8840584
A27: TI2 | B27: İŞ Portföy Hisse Senedi (TL) Fonu (Hisse Senedi Yoğun Fon) | C27: İŞ Portföy | D27: 0.032 | E27: -1.0049261 | F27: -1.8450934 | G27: 0.01035139 | H27: 14.488856 | I27: 19.402985 | J27: 21959 | K27: 21188 | L27: -0.035110888 | M27: 3.7292913e+09 | N27: 3.5351835e+09 | O27: -0.052049524 | P27: 1.3369706 | Q27: Görüyor | R27: 0 | S27: 0.0211 | T27: 0.0244 | U27: 0.938 | V27: 0 | W27: 0.0165 | X27: 0 | Y27: 0 | Z27: 0 | AA27: 1 | AC27: =IF(ISNUMBER(INDEX($A$2:$AA$42,26,MATCH(Hisse!$E$2,$A$1:$AA$1,0))),INDEX($A$2:$AA$42,26,MATCH(Hisse!$E$2,$A$1:$AA$1,0)),-1000000000)-ROW()/10000000 -> -1.8450961
A28: FPH | B28: Fiba Portföy Hisse Senedi (TL) Fonu (Hisse Senedi Yoğun Fon) | C28: Fiba Portföy | D28: 0.03103 | E28: -1.0187703 | F28: -2.9591347 | G28: 1.7327889 | H28: 16.7521 | I28: 23.043309 | J28: 4755 | K28: 4638 | L28: -0.024605678 | M28: 1.4335855e+09 | N28: 1.2821784e+09 | O28: -0.10561427 | P28: 1.3364918 | Q28: Görüyor | R28: 0.0075 | S28: 0.0153 | T28: 0.0335 | U28: 0.9186 | V28: 0.0003 | W28: 0.0001 | X28: 0 | Y28: 0 | Z28: 0 | AA28: 0.9753 | AC28: =IF(ISNUMBER(INDEX($A$2:$AA$42,27,MATCH(Hisse!$E$2,$A$1:$AA$1,0))),INDEX($A$2:$AA$42,27,MATCH(Hisse!$E$2,$A$1:$AA$1,0)),-1000000000)-ROW()/10000000 -> -2.9591375
A29: YHS | B29: Yapı Kredi Portföy Birinci Hisse Senedi Fonu (Hisse Senedi Yoğun Fon) | C29: Yapı Kredi Portföy | D29: 0.0344998 | E29: -1.0330832 | F29: -1.8547444 | G29: 1.5593445 | H29: 18.898543 | I29: 23.434936 | J29: 8628 | K29: 8493 | L29: -0.015646732 | M29: 3.5712035e+09 | N29: 2.9861495e+09 | O29: -0.16382545 | P29: 1.3254859 | Q29: Görüyor | R29: 0 | S29: 0.0256 | T29: 0 | U29: 0.898 | V29: 0.0357 | W29: 0.0407 | X29: 0 | Y29: 0 | Z29: 0 | AA29: 1 | AC29: =IF(ISNUMBER(INDEX($A$2:$AA$42,28,MATCH(Hisse!$E$2,$A$1:$AA$1,0))),INDEX($A$2:$AA$42,28,MATCH(Hisse!$E$2,$A$1:$AA$1,0)),-1000000000)-ROW()/10000000 -> -1.8547473
A30: ASJ | B30: Aktif Portföy Hisse Senedi (TL) Fonu (Hisse Senedi Yoğun Fon) | C30: Aktif Portföy | D30: 0.0275 | E30: -1.0870143 | F30: -2.0201207 | G30: 3.2074746 | H30: 27.84851 | I30: 30.094877 | J30: 826 | K30: 792 | L30: -0.041162228 | M30: 66423400 | N30: 61085386 | O30: -0.080363455 | P30: 1.2820549 | Q30: Görüyor | R30: 0 | S30: 0.007 | T30: 0 | U30: 0.9317 | V30: 0 | W30: 0.0613 | X30: 0 | Y30: 0 | Z30: 0 | AA30: 1 | AC30: =IF(ISNUMBER(INDEX($A$2:$AA$42,29,MATCH(Hisse!$E$2,$A$1:$AA$1,0))),INDEX($A$2:$AA$42,29,MATCH(Hisse!$E$2,$A$1:$AA$1,0)),-1000000000)-ROW()/10000000 -> -2.0201237
A31: PHI | B31: Piramit Portföy Hisse Senedi Fonu (Hisse Senedi Yoğun Fon) | C31: Piramit Portföy | D31: 0.023625 | E31: -1.0965439 | F31: -1.818274 | G31: -0.28785905 | H31: 26.477664 | I31: 35.781234 | J31: 125 | K31: 113 | L31: -0.096 | M31: 69680112 | N31: 68998083 | O31: -0.0097879971 | P31: 1.0470488 | Q31: Görüyor | R31: 0 | S31: 0.008 | T31: 0 | U31: 0.9047 | V31: 0 | W31: 0.0873 | X31: 0 | Y31: 0 | Z31: 0 | AA31: 1 | AC31: =IF(ISNUMBER(INDEX($A$2:$AA$42,30,MATCH(Hisse!$E$2,$A$1:$AA$1,0))),INDEX($A$2:$AA$42,30,MATCH(Hisse!$E$2,$A$1:$AA$1,0)),-1000000000)-ROW()/10000000 -> -1.8182771
A32: UPH | B32: Ünlü Portföy Hisse Senedi (TL) Fonu(hisse Senedi Yoğun Fon) | C32: Ünlü Portföy | D32: 0.0281 | E32: -1.1260576 | F32: -2.6930859 | G32: 0.79214417 | H32: 19.100204 | I32: 24.682357 | J32: 567 | K32: 553 | L32: -0.024691358 | M32: 2.6180378e+08 | N32: 2.6363829e+08 | O32: 0.0070071912 | P32: 1.3558473 | Q32: Görüyor | R32: 0 | S32: 0.0348 | T32: 0.0915 | U32: 0.8729 | V32: 0.0008 | W32: 0 | X32: 0 | Y32: 0 | Z32: 0 | AA32: 1 | AC32: =IF(ISNUMBER(INDEX($A$2:$AA$42,31,MATCH(Hisse!$E$2,$A$1:$AA$1,0))),INDEX($A$2:$AA$42,31,MATCH(Hisse!$E$2,$A$1:$AA$1,0)),-1000000000)-ROW()/10000000 -> -2.6930891
A33: FYD | B33: Qnb Portföy Birinci Hisse Senedi Fonu (Hisse Senedi Yoğun Fon) | C33: Qnb Portföy | D33: 0.0274 | E33: -1.1514291 | F33: -2.2763214 | G33: 0.095187266 | H33: 8.6687378 | I33: 18.113207 | J33: 5730 | K33: 5533 | L33: -0.034380454 | M33: 3.6531965e+09 | N33: 3.3941138e+09 | O33: -0.070919435 | P33: 1.3822414 | Q33: Görüyor | R33: 0 | S33: 0.0124 | T33: 0.0361 | U33: 0.9428 | V33: 0.0087 | W33: 0 | X33: 0 | Y33: 0 | Z33: 0 | AA33: 1 | AC33: =IF(ISNUMBER(INDEX($A$2:$AA$42,32,MATCH(Hisse!$E$2,$A$1:$AA$1,0))),INDEX($A$2:$AA$42,32,MATCH(Hisse!$E$2,$A$1:$AA$1,0)),-1000000000)-ROW()/10000000 -> -2.2763247
A34: AHI | B34: Atlas Portföy Birinci Hisse Senedi Fonu(hisse Senedi Yoğun) | C34: Atlas Portföy | D34: 0.029 | E34: -1.2105075 | F34: -2.7561859 | G34: 0.030944524 | H34: 17.892242 | I34: 39.577172 | J34: 2548 | K34: 2490 | L34: -0.022762951 | M34: 1.2828342e+08 | N34: 1.2396957e+08 | O34: -0.033627528 | P34: 1.4074777 | Q34: Görüyor | R34: 0 | S34: 0.0083 | T34: 0.0709 | U34: 0.92 | V34: 0.0008 | W34: 0 | X34: 0 | Y34: 0 | Z34: 0 | AA34: 1 | AC34: =IF(ISNUMBER(INDEX($A$2:$AA$42,33,MATCH(Hisse!$E$2,$A$1:$AA$1,0))),INDEX($A$2:$AA$42,33,MATCH(Hisse!$E$2,$A$1:$AA$1,0)),-1000000000)-ROW()/10000000 -> -2.7561893
A35: MAC | B35: Marmara Capıtal Portföy Hisse Senedi (TL) Fonu (Hisse Senedi Yoğun Fon) | C35: Marmara Capital Portföy | D35: 0.0268 | E35: -1.2616196 | F35: -2.8653364 | G35: -5.9794454 | H35: 14.491576 | I35: 22.994331 | J35: 37935 | K35: 37236 | L35: -0.018426255 | M35: 5.045574e+09 | N35: 4.6236591e+09 | O35: -0.083620787 | P35: 1.2181675 | Q35: Görüyor | R35: 0 | S35: 0 | T35: 0 | U35: 0.9556 | V35: 0.0444 | W35: 0 | X35: 0 | Y35: 0 | Z35: 0 | AA35: 1 | AC35: =IF(ISNUMBER(INDEX($A$2:$AA$42,34,MATCH(Hisse!$E$2,$A$1:$AA$1,0))),INDEX($A$2:$AA$42,34,MATCH(Hisse!$E$2,$A$1:$AA$1,0)),-1000000000)-ROW()/10000000 -> -2.8653399
A36: TYH | B36: Teb Portföy Hisse Senedi Fonu (Hisse Senedi Yoğun Fon) | C36: Teb Portföy | D36: 0.032 | E36: -1.3203683 | F36: -1.9466608 | G36: 1.5664065 | H36: 13.903809 | I36: 15.899525 | J36: 6706 | K36: 6507 | L36: -0.029674918 | M36: 1.4651349e+09 | N36: 1.1755141e+09 | O36: -0.19767516 | P36: 1.3827005 | Q36: Görüyor | R36: 0.0002 | S36: 0.0001 | T36: 0 | U36: 0.9997 | V36: 0 | W36: 0 | X36: 0 | Y36: 0 | Z36: 0 | AA36: 1 | AC36: =IF(ISNUMBER(INDEX($A$2:$AA$42,35,MATCH(Hisse!$E$2,$A$1:$AA$1,0))),INDEX($A$2:$AA$42,35,MATCH(Hisse!$E$2,$A$1:$AA$1,0)),-1000000000)-ROW()/10000000 -> -1.9466644
A37: THF | B37: Tera Portföy Hisse Senedi (TL) Fonu (Hisse Senedi Yoğun Fon) | C37: Tera Portföy | D37: 0 | E37: -1.3675642 | F37: -3.8671322 | G37: -4.2919264 | H37: 27.196119 | I37: 76.928142 | J37: 8132 | K37: 6859 | L37: -0.15654206 | M37: 1.0378273e+09 | N37: 8.6557381e+08 | O37: -0.16597509 | P37: 1.1762056 | Q37: Görüyor | R37: 0 | S37: 0.0173 | T37: 0 | U37: 0.9827 | V37: 0 | W37: 0 | X37: 0 | Y37: 0 | Z37: 0 | AA37: 1 | AC37: =IF(ISNUMBER(INDEX($A$2:$AA$42,36,MATCH(Hisse!$E$2,$A$1:$AA$1,0))),INDEX($A$2:$AA$42,36,MATCH(Hisse!$E$2,$A$1:$AA$1,0)),-1000000000)-ROW()/10000000 -> -3.8671359
A38: GAF | B38: Inveo Portföy Birinci Hisse Senedi Fonu (Hisse Senedi Yoğun Fon) | C38: Inveo Portföy | D38: 0.025 | E38: -1.4696994 | F38: -3.7333927 | G38: 0.70069608 | H38: 18.008434 | I38: 34.15012 | J38: 1733 | K38: 1675 | L38: -0.033467975 | M38: 2.0244122e+08 | N38: 1.9327874e+08 | O38: -0.045259952 | P38: 1.6248167 | Q38: Görüyor | R38: 0 | S38: 0 | T38: 0 | U38: 0.9688 | V38: 0 | W38: 0.011 | X38: 0 | Y38: 0 | Z38: 0 | AA38: 0.9798 | AC38: =IF(ISNUMBER(INDEX($A$2:$AA$42,37,MATCH(Hisse!$E$2,$A$1:$AA$1,0))),INDEX($A$2:$AA$42,37,MATCH(Hisse!$E$2,$A$1:$AA$1,0)),-1000000000)-ROW()/10000000 -> -3.7333965
A39: GL1 | B39: Azimut Pyş Birinci Hisse Senedi Fonu (Hisse Senedi Yoğun Fon) | C39: Azimut Portföy | D39: 0.032025 | E39: -1.5601937 | F39: -1.7679497 | G39: 4.8412071 | H39: 22.098534 | I39: 39.738001 | J39: 935 | K39: 925 | L39: -0.010695187 | M39: 1.1742854e+09 | N39: 1.2689001e+09 | O39: 0.080572131 | P39: 1.4750427 | Q39: Görüyor | R39: 0 | S39: 0.022 | T39: 0 | U39: 0.8012 | V39: 0 | W39: 0.1307 | X39: 0 | Y39: 0 | Z39: 0 | AA39: 0.9539 | AC39: =IF(ISNUMBER(INDEX($A$2:$AA$42,38,MATCH(Hisse!$E$2,$A$1:$AA$1,0))),INDEX($A$2:$AA$42,38,MATCH(Hisse!$E$2,$A$1:$AA$1,0)),-1000000000)-ROW()/10000000 -> -1.7679536
A40: TKF | B40: Tacirler Portföy Hisse Senedi Fonu (Hisse Senedi Yoğun Fon) | C40: Tacirler Portföy | D40: 0.0292 | E40: -1.6021279 | F40: -2.6997427 | G40: 1.7044177 | H40: 23.578874 | I40: 32.910989 | J40: 4518 | K40: 4414 | L40: -0.023019035 | M40: 1.0195534e+09 | N40: 9.5851458e+08 | O40: -0.059868174 | P40: 1.2433182 | Q40: Görüyor | R40: 0.0001 | S40: 0.0043 | T40: 0 | U40: 0.9334 | V40: 0.0259 | W40: 0.0363 | X40: 0 | Y40: 0 | Z40: 0 | AA40: 1 | AC40: =IF(ISNUMBER(INDEX($A$2:$AA$42,39,MATCH(Hisse!$E$2,$A$1:$AA$1,0))),INDEX($A$2:$AA$42,39,MATCH(Hisse!$E$2,$A$1:$AA$1,0)),-1000000000)-ROW()/10000000 -> -2.6997467
A41: GHS | B41: Garanti Portföy Hisse Senedi (TL) Fonu (Hisse Senedi Yoğun Fon) | C41: Garanti Portföy | D41: 0.032 | E41: -1.7388902 | F41: -2.6142834 | G41: 0.91898648 | H41: 19.153052 | I41: 25.740512 | J41: 15149 | K41: 15011 | L41: -0.0091095122 | M41: 2.9709968e+09 | N41: 2.8974258e+09 | O41: -0.024763078 | P41: 1.3789269 | Q41: Görüyor | R41: 0 | S41: 0.0233 | T41: 0 | U41: 0.9632 | V41: 0.0136 | W41: 0 | X41: 0 | Y41: 0 | Z41: 0 | AA41: 1.0001 | AC41: =IF(ISNUMBER(INDEX($A$2:$AA$42,40,MATCH(Hisse!$E$2,$A$1:$AA$1,0))),INDEX($A$2:$AA$42,40,MATCH(Hisse!$E$2,$A$1:$AA$1,0)),-1000000000)-ROW()/10000000 -> -2.6142875
A42: PPB | B42: Phillip Portföy Birinci Hisse Senedi Fonu (Hisse Senedi Yoğun Fon) | C42: Phillip Portföy | D42: 0.029 | E42: -1.8582194 | F42: -3.9057549 | G42: -2.048056 | H42: 13.302219 | I42: 14.696803 | J42: 1710 | K42: 1651 | L42: -0.034502924 | M42: 4.0355465e+08 | N42: 3.8999585e+08 | O42: -0.033598428 | P42: 1.1932836 | Q42: Görüyor | R42: 0 | S42: 0.0132 | T42: 0 | U42: 0.9594 | V42: 0 | W42: 0.0274 | X42: 0 | Y42: 0 | Z42: 0 | AA42: 1 | AC42: =IF(ISNUMBER(INDEX($A$2:$AA$42,41,MATCH(Hisse!$E$2,$A$1:$AA$1,0))),INDEX($A$2:$AA$42,41,MATCH(Hisse!$E$2,$A$1:$AA$1,0)),-1000000000)-ROW()/10000000 -> -3.9057591

Sheet Hisse
F1: 46216 | G1: 46210 | H1: 46185 | I1: 46022 | J1: 45852
B2: T-1: 14.07.2026 | D2: Sırala: | E2: Haftalık
B3: Fon Kodu | C3: Hisse Fonları | D3: Yönetici | E3: FYÜ% | F3: Günlük% | G3: Haftalık | H3: Aylık | I3: Yılbaşına Göre | J3: Yıllık | K3: Yatırımcı Sayısı T-30 | L3: Yatırımcı Sayısı T-1 | M3: YS Değişim | N3: Önceki Ay FTD | O3: T-1 FTD | P3: FTD Değişim | Q3: Standart Sapma (Aylık) | R3: TEFAS Durumu | S3: Mevduat (TL) | T3: Vadeli İşlemler Nakit Teminatları | U3: Ters Repo Oranı | V3: Hisse Oranı | W3: Para Piyasaları Oranı | X3: Yatırım Fonları Katılma Payları | Y3: Özel Tahvil/Bono Oranı | Z3: Finansman Bonosu Oranı | AA3: Diğer Oran | AB3: Toplam
A4: 1 | B4: =INDEX(V_Hisse!A$2:A$42,MATCH(LARGE(V_Hisse!$AC$2:$AC$42,ROW()-3),V_Hisse!$AC$2:$AC$42,0)) -> PHE | C4: =INDEX(V_Hisse!B$2:B$42,MATCH(LARGE(V_Hisse!$AC$2:$AC$42,ROW()-3),V_Hisse!$AC$2:$AC$42,0)) -> Pusula Portföy Hisse Senedi Fonu (Hisse Senedi Yoğun Fon) | D4: =INDEX(V_Hisse!C$2:C$42,MATCH(LARGE(V_Hisse!$AC$2:$AC$42,ROW()-3),V_Hisse!$AC$2:$AC$42,0)) -> Pusula Portföy | E4: =INDEX(V_Hisse!D$2:D$42,MATCH(LARGE(V_Hisse!$AC$2:$AC$42,ROW()-3),V_Hisse!$AC$2:$AC$42,0)) -> 0.025 | F4: =INDEX(V_Hisse!E$2:E$42,MATCH(LARGE(V_Hisse!$AC$2:$AC$42,ROW()-3),V_Hisse!$AC$2:$AC$42,0)) -> 0.12255828 | G4: =INDEX(V_Hisse!F$2:F$42,MATCH(LARGE(V_Hisse!$AC$2:$AC$42,ROW()-3),V_Hisse!$AC$2:$AC$42,0)) -> 3.1021785 | H4: =INDEX(V_Hisse!G$2:G$42,MATCH(LARGE(V_Hisse!$AC$2:$AC$42,ROW()-3),V_Hisse!$AC$2:$AC$42,0)) -> 16.176103 | I4: =INDEX(V_Hisse!H$2:H$42,MATCH(LARGE(V_Hisse!$AC$2:$AC$42,ROW()-3),V_Hisse!$AC$2:$AC$42,0)) -> 168.31795 | ... AB4: =INDEX(V_Hisse!AA$2:AA$42,MATCH(LARGE(V_Hisse!$AC$2:$AC$42,ROW()-3),V_Hisse!$AC$2:$AC$42,0)) -> 1
A5: 2 | B5: =INDEX(V_Hisse!A$2:A$42,MATCH(LARGE(V_Hisse!$AC$2:$AC$42,ROW()-3),V_Hisse!$AC$2:$AC$42,0)) -> GO9 | C5: =INDEX(V_Hisse!B$2:B$42,MATCH(LARGE(V_Hisse!$AC$2:$AC$42,ROW()-3),V_Hisse!$AC$2:$AC$42,0)) -> One Portföy Birinci Hisse Senedi Fonu (Hisse Senedi Yoğun Fon) | D5: =INDEX(V_Hisse!C$2:C$42,MATCH(LARGE(V_Hisse!$AC$2:$AC$42,ROW()-3),V_Hisse!$AC$2:$AC$42,0)) -> One Portföy | E5: =INDEX(V_Hisse!D$2:D$42,MATCH(LARGE(V_Hisse!$AC$2:$AC$42,ROW()-3),V_Hisse!$AC$2:$AC$42,0)) -> 0.03 | F5: =INDEX(V_Hisse!E$2:E$42,MATCH(LARGE(V_Hisse!$AC$2:$AC$42,ROW()-3),V_Hisse!$AC$2:$AC$42,0)) -> -0.13050305 | G5: =INDEX(V_Hisse!F$2:F$42,MATCH(LARGE(V_Hisse!$AC$2:$AC$42,ROW()-3),V_Hisse!$AC$2:$AC$42,0)) -> 2.4613878 | H5: =INDEX(V_Hisse!G$2:G$42,MATCH(LARGE(V_Hisse!$AC$2:$AC$42,ROW()-3),V_Hisse!$AC$2:$AC$42,0)) -> 9.6539476 | I5: =INDEX(V_Hisse!H$2:H$42,MATCH(LARGE(V_Hisse!$AC$2:$AC$42,ROW()-3),V_Hisse!$AC$2:$AC$42,0)) -> 44.805572 | ... AB5: =INDEX(V_Hisse!AA$2:AA$42,MATCH(LARGE(V_Hisse!$AC$2:$AC$42,ROW()-3),V_Hisse!$AC$2:$AC$42,0)) -> 1
A6: 3 | B6: =INDEX(V_Hisse!A$2:A$42,MATCH(LARGE(V_Hisse!$AC$2:$AC$42,ROW()-3),V_Hisse!$AC$2:$AC$42,0)) -> BIH | C6: =INDEX(V_Hisse!B$2:B$42,MATCH(LARGE(V_Hisse!$AC$2:$AC$42,ROW()-3),V_Hisse!$AC$2:$AC$42,0)) -> Pardus Portföy Birinci Hisse Senedi (TL) Fonu (Hisse Senedi Yoğun Fon) | D6: =INDEX(V_Hisse!C$2:C$42,MATCH(LARGE(V_Hisse!$AC$2:$AC$42,ROW()-3),V_Hisse!$AC$2:$AC$42,0)) -> Pardus Portföy | E6: =INDEX(V_Hisse!D$2:D$42,MATCH(LARGE(V_Hisse!$AC$2:$AC$42,ROW()-3),V_Hisse!$AC$2:$AC$42,0)) -> 0.02 | F6: =INDEX(V_Hisse!E$2:E$42,MATCH(LARGE(V_Hisse!$AC$2:$AC$42,ROW()-3),V_Hisse!$AC$2:$AC$42,0)) -> -0.078076559 | G6: =INDEX(V_Hisse!F$2:F$42,MATCH(LARGE(V_Hisse!$AC$2:$AC$42,ROW()-3),V_Hisse!$AC$2:$AC$42,0)) -> 1.7415206 | H6: =INDEX(V_Hisse!G$2:G$42,MATCH(LARGE(V_Hisse!$AC$2:$AC$42,ROW()-3),V_Hisse!$AC$2:$AC$42,0)) -> 5.2315656 | I6: =INDEX(V_Hisse!H$2:H$42,MATCH(LARGE(V_Hisse!$AC$2:$AC$42,ROW()-3),V_Hisse!$AC$2:$AC$42,0)) -> 27.107945 | ... AB6: =INDEX(V_Hisse!AA$2:AA$42,MATCH(LARGE(V_Hisse!$AC$2:$AC$42,ROW()-3),V_Hisse!$AC$2:$AC$42,0)) -> 1
A7: 4 | B7: =INDEX(V_Hisse!A$2:A$42,MATCH(LARGE(V_Hisse!$AC$2:$AC$42,ROW()-3),V_Hisse!$AC$2:$AC$42,0)) -> BHA | C7: =INDEX(V_Hisse!B$2:B$42,MATCH(LARGE(V_Hisse!$AC$2:$AC$42,ROW()-3),V_Hisse!$AC$2:$AC$42,0)) -> Bulls Portföy Hisse Senedi (TL) Fonu (Hisse Senedi Yoğun Fon) | D7: =INDEX(V_Hisse!C$2:C$42,MATCH(LARGE(V_Hisse!$AC$2:$AC$42,ROW()-3),V_Hisse!$AC$2:$AC$42,0)) -> Bulls Portföy | E7: =INDEX(V_Hisse!D$2:D$42,MATCH(LARGE(V_Hisse!$AC$2:$AC$42,ROW()-3),V_Hisse!$AC$2:$AC$42,0)) -> 0.0275 | F7: =INDEX(V_Hisse!E$2:E$42,MATCH(LARGE(V_Hisse!$AC$2:$AC$42,ROW()-3),V_Hisse!$AC$2:$AC$42,0)) -> -0.74278373 | G7: =INDEX(V_Hisse!F$2:F$42,MATCH(LARGE(V_Hisse!$AC$2:$AC$42,ROW()-3),V_Hisse!$AC$2:$AC$42,0)) -> 1.0697985 | H7: =INDEX(V_Hisse!G$2:G$42,MATCH(LARGE(V_Hisse!$AC$2:$AC$42,ROW()-3),V_Hisse!$AC$2:$AC$42,0)) -> 5.6726441 | I7: =INDEX(V_Hisse!H$2:H$42,MATCH(LARGE(V_Hisse!$AC$2:$AC$42,ROW()-3),V_Hisse!$AC$2:$AC$42,0)) -> 34.6961 | ... AB7: =INDEX(V_Hisse!AA$2:AA$42,MATCH(LARGE(V_Hisse!$AC$2:$AC$42,ROW()-3),V_Hisse!$AC$2:$AC$42,0)) -> 1
A8: 5 | B8: =INDEX(V_Hisse!A$2:A$42,MATCH(LARGE(V_Hisse!$AC$2:$AC$42,ROW()-3),V_Hisse!$AC$2:$AC$42,0)) -> MTH | C8: =INDEX(V_Hisse!B$2:B$42,MATCH(LARGE(V_Hisse!$AC$2:$AC$42,ROW()-3),V_Hisse!$AC$2:$AC$42,0)) -> MT Portföy Birinci Hisse Senedi Fonu (Hisse Senedi Yoğun Fon) | D8: =INDEX(V_Hisse!C$2:C$42,MATCH(LARGE(V_Hisse!$AC$2:$AC$42,ROW()-3),V_Hisse!$AC$2:$AC$42,0)) -> MT Portföy | E8: =INDEX(V_Hisse!D$2:D$42,MATCH(LARGE(V_Hisse!$AC$2:$AC$42,ROW()-3),V_Hisse!$AC$2:$AC$42,0)) -> 0.0273 | F8: =INDEX(V_Hisse!E$2:E$42,MATCH(LARGE(V_Hisse!$AC$2:$AC$42,ROW()-3),V_Hisse!$AC$2:$AC$42,0)) -> -0.44334957 | G8: =INDEX(V_Hisse!F$2:F$42,MATCH(LARGE(V_Hisse!$AC$2:$AC$42,ROW()-3),V_Hisse!$AC$2:$AC$42,0)) -> 0.26276607 | H8: =INDEX(V_Hisse!G$2:G$42,MATCH(LARGE(V_Hisse!$AC$2:$AC$42,ROW()-3),V_Hisse!$AC$2:$AC$42,0)) -> 6.8623806 | I8: =INDEX(V_Hisse!H$2:H$42,MATCH(LARGE(V_Hisse!$AC$2:$AC$42,ROW()-3),V_Hisse!$AC$2:$AC$42,0)) -> 32.451307 | ... AB8: =INDEX(V_Hisse!AA$2:AA$42,MATCH(LARGE(V_Hisse!$AC$2:$AC$42,ROW()-3),V_Hisse!$AC$2:$AC$42,0)) -> 0.9988
A9: 6 | B9: =INDEX(V_Hisse!A$2:A$42,MATCH(LARGE(V_Hisse!$AC$2:$AC$42,ROW()-3),V_Hisse!$AC$2:$AC$42,0)) -> NNF | C9: =INDEX(V_Hisse!B$2:B$42,MATCH(LARGE(V_Hisse!$AC$2:$AC$42,ROW()-3),V_Hisse!$AC$2:$AC$42,0)) -> Hedef Portföy Birinci Hisse Senedi (TL) Fonu (Hisse Senedi Yoğun Fon) | D9: =INDEX(V_Hisse!C$2:C$42,MATCH(LARGE(V_Hisse!$AC$2:$AC$42,ROW()-3),V_Hisse!$AC$2:$AC$42,0)) -> Hedef Portföy | E9: =INDEX(V_Hisse!D$2:D$42,MATCH(LARGE(V_Hisse!$AC$2:$AC$42,ROW()-3),V_Hisse!$AC$2:$AC$42,0)) -> 0.027 | F9: =INDEX(V_Hisse!E$2:E$42,MATCH(LARGE(V_Hisse!$AC$2:$AC$42,ROW()-3),V_Hisse!$AC$2:$AC$42,0)) -> 0.10953491 | G9: =INDEX(V_Hisse!F$2:F$42,MATCH(LARGE(V_Hisse!$AC$2:$AC$42,ROW()-3),V_Hisse!$AC$2:$AC$42,0)) -> -0.49356793 | H9: =INDEX(V_Hisse!G$2:G$42,MATCH(LARGE(V_Hisse!$AC$2:$AC$42,ROW()-3),V_Hisse!$AC$2:$AC$42,0)) -> 4.1824614 | I9: =INDEX(V_Hisse!H$2:H$42,MATCH(LARGE(V_Hisse!$AC$2:$AC$42,ROW()-3),V_Hisse!$AC$2:$AC$42,0)) -> 14.276418 | ... AB9: =INDEX(V_Hisse!AA$2:AA$42,MATCH(LARGE(V_Hisse!$AC$2:$AC$42,ROW()-3),V_Hisse!$AC$2:$AC$42,0)) -> 1
A10: 7 | B10: =INDEX(V_Hisse!A$2:A$42,MATCH(LARGE(V_Hisse!$AC$2:$AC$42,ROW()-3),V_Hisse!$AC$2:$AC$42,0)) -> OPH | C10: =INDEX(V_Hisse!B$2:B$42,MATCH(LARGE(V_Hisse!$AC$2:$AC$42,ROW()-3),V_Hisse!$AC$2:$AC$42,0)) -> Osmanlı Portföy Birinci Hisse Senedi Fonu(hisse Senedi Yoğun Fon) | D10: =INDEX(V_Hisse!C$2:C$42,MATCH(LARGE(V_Hisse!$AC$2:$AC$42,ROW()-3),V_Hisse!$AC$2:$AC$42,0)) -> Osmanlı Portföy | E10: =INDEX(V_Hisse!D$2:D$42,MATCH(LARGE(V_Hisse!$AC$2:$AC$42,ROW()-3),V_Hisse!$AC$2:$AC$42,0)) -> 0.026 | F10: =INDEX(V_Hisse!E$2:E$42,MATCH(LARGE(V_Hisse!$AC$2:$AC$42,ROW()-3),V_Hisse!$AC$2:$AC$42,0)) -> -0.9109622 | G10: =INDEX(V_Hisse!F$2:F$42,MATCH(LARGE(V_Hisse!$AC$2:$AC$42,ROW()-3),V_Hisse!$AC$2:$AC$42,0)) -> -0.54672867 | H10: =INDEX(V_Hisse!G$2:G$42,MATCH(LARGE(V_Hisse!$AC$2:$AC$42,ROW()-3),V_Hisse!$AC$2:$AC$42,0)) -> 0.365836 | I10: =INDEX(V_Hisse!H$2:H$42,MATCH(LARGE(V_Hisse!$AC$2:$AC$42,ROW()-3),V_Hisse!$AC$2:$AC$42,0)) -> 23.271454 | ... AB10: =INDEX(V_Hisse!AA$2:AA$42,MATCH(LARGE(V_Hisse!$AC$2:$AC$42,ROW()-3),V_Hisse!$AC$2:$AC$42,0)) -> 0.9996
A11: 8 | B11: =INDEX(V_Hisse!A$2:A$42,MATCH(LARGE(V_Hisse!$AC$2:$AC$42,ROW()-3),V_Hisse!$AC$2:$AC$42,0)) -> BV1 | C11: =INDEX(V_Hisse!B$2:B$42,MATCH(LARGE(V_Hisse!$AC$2:$AC$42,ROW()-3),V_Hisse!$AC$2:$AC$42,0)) -> BV Portföy Birinci Hisse Senedi (TL) Fon (Hisse Senedi Yoğun Fon) | D11: =INDEX(V_Hisse!C$2:C$42,MATCH(LARGE(V_Hisse!$AC$2:$AC$42,ROW()-3),V_Hisse!$AC$2:$AC$42,0)) -> BV Portföy | E11: =INDEX(V_Hisse!D$2:D$42,MATCH(LARGE(V_Hisse!$AC$2:$AC$42,ROW()-3),V_Hisse!$AC$2:$AC$42,0)) -> 0.02 | F11: =INDEX(V_Hisse!E$2:E$42,MATCH(LARGE(V_Hisse!$AC$2:$AC$42,ROW()-3),V_Hisse!$AC$2:$AC$42,0)) -> -0.9602732 | G11: =INDEX(V_Hisse!F$2:F$42,MATCH(LARGE(V_Hisse!$AC$2:$AC$42,ROW()-3),V_Hisse!$AC$2:$AC$42,0)) -> -0.78741804 | H11: =INDEX(V_Hisse!G$2:G$42,MATCH(LARGE(V_Hisse!$AC$2:$AC$42,ROW()-3),V_Hisse!$AC$2:$AC$42,0)) -> 2.3061269 | I11: =INDEX(V_Hisse!H$2:H$42,MATCH(LARGE(V_Hisse!$AC$2:$AC$42,ROW()-3),V_Hisse!$AC$2:$AC$42,0)) -> 19.801692 | ... AB11: =INDEX(V_Hisse!AA$2:AA$42,MATCH(LARGE(V_Hisse!$AC$2:$AC$42,ROW()-3),V_Hisse!$AC$2:$AC$42,0)) -> 1
A12: 9 | B12: =INDEX(V_Hisse!A$2:A$42,MATCH(LARGE(V_Hisse!$AC$2:$AC$42,ROW()-3),V_Hisse!$AC$2:$AC$42,0)) -> HVZ | C12: =INDEX(V_Hisse!B$2:B$42,MATCH(LARGE(V_Hisse!$AC$2:$AC$42,ROW()-3),V_Hisse!$AC$2:$AC$42,0)) -> Allbatross Portföy Birinci Hisse Senedi (TL) Fonu (Hisse Senedi Yoğun Fon) | D12: =INDEX(V_Hisse!C$2:C$42,MATCH(LARGE(V_Hisse!$AC$2:$AC$42,ROW()-3),V_Hisse!$AC$2:$AC$42,0)) -> Allbatross Portföy | E12: =INDEX(V_Hisse!D$2:D$42,MATCH(LARGE(V_Hisse!$AC$2:$AC$42,ROW()-3),V_Hisse!$AC$2:$AC$42,0)) -> 0.027 | F12: =INDEX(V_Hisse!E$2:E$42,MATCH(LARGE(V_Hisse!$AC$2:$AC$42,ROW()-3),V_Hisse!$AC$2:$AC$42,0)) -> -0.78651833 | G12: =INDEX(V_Hisse!F$2:F$42,MATCH(LARGE(V_Hisse!$AC$2:$AC$42,ROW()-3),V_Hisse!$AC$2:$AC$42,0)) -> -0.79647823 | H12: =INDEX(V_Hisse!G$2:G$42,MATCH(LARGE(V_Hisse!$AC$2:$AC$42,ROW()-3),V_Hisse!$AC$2:$AC$42,0)) -> 0.35101136 | I12: =INDEX(V_Hisse!H$2:H$42,MATCH(LARGE(V_Hisse!$AC$2:$AC$42,ROW()-3),V_Hisse!$AC$2:$AC$42,0)) -> 12.628151 | ... AB12: =INDEX(V_Hisse!AA$2:AA$42,MATCH(LARGE(V_Hisse!$AC$2:$AC$42,ROW()-3),V_Hisse!$AC$2:$AC$42,0)) -> 1
A13: 10 | B13: =INDEX(V_Hisse!A$2:A$42,MATCH(LARGE(V_Hisse!$AC$2:$AC$42,ROW()-3),V_Hisse!$AC$2:$AC$42,0)) -> EC2 | C13: =INDEX(V_Hisse!B$2:B$42,MATCH(LARGE(V_Hisse!$AC$2:$AC$42,ROW()-3),V_Hisse!$AC$2:$AC$42,0)) -> Global MD Portföy Birinci Hisse Senedi Fonu(hisse Senedi Yoğun Fon) | D13: =INDEX(V_Hisse!C$2:C$42,MATCH(LARGE(V_Hisse!$AC$2:$AC$42,ROW()-3),V_Hisse!$AC$2:$AC$42,0)) -> Global MD Portföy | E13: =INDEX(V_Hisse!D$2:D$42,MATCH(LARGE(V_Hisse!$AC$2:$AC$42,ROW()-3),V_Hisse!$AC$2:$AC$42,0)) -> 0.0274 | F13: =INDEX(V_Hisse!E$2:E$42,MATCH(LARGE(V_Hisse!$AC$2:$AC$42,ROW()-3),V_Hisse!$AC$2:$AC$42,0)) -> -0.7034615 | G13: =INDEX(V_Hisse!F$2:F$42,MATCH(LARGE(V_Hisse!$AC$2:$AC$42,ROW()-3),V_Hisse!$AC$2:$AC$42,0)) -> -0.93925876 | H13: =INDEX(V_Hisse!G$2:G$42,MATCH(LARGE(V_Hisse!$AC$2:$AC$42,ROW()-3),V_Hisse!$AC$2:$AC$42,0)) -> 0.012315927 | I13: =INDEX(V_Hisse!H$2:H$42,MATCH(LARGE(V_Hisse!$AC$2:$AC$42,ROW()-3),V_Hisse!$AC$2:$AC$42,0)) -> 3.4763744 | ... AB13: =INDEX(V_Hisse!AA$2:AA$42,MATCH(LARGE(V_Hisse!$AC$2:$AC$42,ROW()-3),V_Hisse!$AC$2:$AC$42,0)) -> 1
A14: 11 | B14: =INDEX(V_Hisse!A$2:A$42,MATCH(LARGE(V_Hisse!$AC$2:$AC$42,ROW()-3),V_Hisse!$AC$2:$AC$42,0)) -> RHS | C14: =INDEX(V_Hisse!B$2:B$42,MATCH(LARGE(V_Hisse!$AC$2:$AC$42,ROW()-3),V_Hisse!$AC$2:$AC$42,0)) -> Rota Portföy Hisse Senedi (TL) Fon (Hisse Senedi Yoğun Fon) | D14: =INDEX(V_Hisse!C$2:C$42,MATCH(LARGE(V_Hisse!$AC$2:$AC$42,ROW()-3),V_Hisse!$AC$2:$AC$42,0)) -> Rota Portföy | E14: =INDEX(V_Hisse!D$2:D$42,MATCH(LARGE(V_Hisse!$AC$2:$AC$42,ROW()-3),V_Hisse!$AC$2:$AC$42,0)) -> 0.025 | F14: =INDEX(V_Hisse!E$2:E$42,MATCH(LARGE(V_Hisse!$AC$2:$AC$42,ROW()-3),V_Hisse!$AC$2:$AC$42,0)) -> -0.99356365 | G14: =INDEX(V_Hisse!F$2:F$42,MATCH(LARGE(V_Hisse!$AC$2:$AC$42,ROW()-3),V_Hisse!$AC$2:$AC$42,0)) -> -0.97077027 | H14: =INDEX(V_Hisse!G$2:G$42,MATCH(LARGE(V_Hisse!$AC$2:$AC$42,ROW()-3),V_Hisse!$AC$2:$AC$42,0)) -> 2.0995994 | I14: =INDEX(V_Hisse!H$2:H$42,MATCH(LARGE(V_Hisse!$AC$2:$AC$42,ROW()-3),V_Hisse!$AC$2:$AC$42,0)) -> 24.372575 | ... AB14: =INDEX(V_Hisse!AA$2:AA$42,MATCH(LARGE(V_Hisse!$AC$2:$AC$42,ROW()-3),V_Hisse!$AC$2:$AC$42,0)) -> 0.9733
A15: 12 | B15: =INDEX(V_Hisse!A$2:A$42,MATCH(LARGE(V_Hisse!$AC$2:$AC$42,ROW()-3),V_Hisse!$AC$2:$AC$42,0)) -> KYA | C15: =INDEX(V_Hisse!B$2:B$42,MATCH(LARGE(V_Hisse!$AC$2:$AC$42,ROW()-3),V_Hisse!$AC$2:$AC$42,0)) -> Kare Portföy Hisse Senedi Fonu(hisse Senedi Yoğun Fon) | D15: =INDEX(V_Hisse!C$2:C$42,MATCH(LARGE(V_Hisse!$AC$2:$AC$42,ROW()-3),V_Hisse!$AC$2:$AC$42,0)) -> Kare Portföy | E15: =INDEX(V_Hisse!D$2:D$42,MATCH(LARGE(V_Hisse!$AC$2:$AC$42,ROW()-3),V_Hisse!$AC$2:$AC$42,0)) -> 0.0292 | F15: =INDEX(V_Hisse!E$2:E$42,MATCH(LARGE(V_Hisse!$AC$2:$AC$42,ROW()-3),V_Hisse!$AC$2:$AC$42,0)) -> -0.82182139 | G15: =INDEX(V_Hisse!F$2:F$42,MATCH(LARGE(V_Hisse!$AC$2:$AC$42,ROW()-3),V_Hisse!$AC$2:$AC$42,0)) -> -1.0396591 | H15: =INDEX(V_Hisse!G$2:G$42,MATCH(LARGE(V_Hisse!$AC$2:$AC$42,ROW()-3),V_Hisse!$AC$2:$AC$42,0)) -> 2.7710976 | I15: =INDEX(V_Hisse!H$2:H$42,MATCH(LARGE(V_Hisse!$AC$2:$AC$42,ROW()-3),V_Hisse!$AC$2:$AC$42,0)) -> 10.950964 | ... AB15: =INDEX(V_Hisse!AA$2:AA$42,MATCH(LARGE(V_Hisse!$AC$2:$AC$42,ROW()-3),V_Hisse!$AC$2:$AC$42,0)) -> 1
... A44: 41 | B44: =INDEX(V_Hisse!A$2:A$42,MATCH(LARGE(V_Hisse!$AC$2:$AC$42,ROW()-3),V_Hisse!$AC$2:$AC$42,0)) -> NPH | C44: =INDEX(V_Hisse!B$2:B$42,MATCH(LARGE(V_Hisse!$AC$2:$AC$42,ROW()-3),V_Hisse!$AC$2:$AC$42,0)) -> Nurol Portföy Birinci Hisse Senedi Fonu (Hisse Senedi Yoğun Fon) | D44: =INDEX(V_Hisse!C$2:C$42,MATCH(LARGE(V_Hisse!$AC$2:$AC$42,ROW()-3),V_Hisse!$AC$2:$AC$42,0)) -> Nurol Portföy | E44: =INDEX(V_Hisse!D$2:D$42,MATCH(LARGE(V_Hisse!$AC$2:$AC$42,ROW()-3),V_Hisse!$AC$2:$AC$42,0)) -> 0.0275 | F44: =INDEX(V_Hisse!E$2:E$42,MATCH(LARGE(V_Hisse!$AC$2:$AC$42,ROW()-3),V_Hisse!$AC$2:$AC$42,0)) -> -0.92677085 | G44: =INDEX(V_Hisse!F$2:F$42,MATCH(LARGE(V_Hisse!$AC$2:$AC$42,ROW()-3),V_Hisse!$AC$2:$AC$42,0)) -> -4.9536219 | H44: =INDEX(V_Hisse!G$2:G$42,MATCH(LARGE(V_Hisse!$AC$2:$AC$42,ROW()-3),V_Hisse!$AC$2:$AC$42,0)) -> -6.0158631 | I44: =INDEX(V_Hisse!H$2:H$42,MATCH(LARGE(V_Hisse!$AC$2:$AC$42,ROW()-3),V_Hisse!$AC$2:$AC$42,0)) -> 0.98132214 | ... AB44: =INDEX(V_Hisse!AA$2:AA$42,MATCH(LARGE(V_Hisse!$AC$2:$AC$42,ROW()-3),V_Hisse!$AC$2:$AC$42,0)) -> 1.0216

Sheet V_Dengeli Değişken
A1: Fon Kodu | B1: Dengeli Değişken Fonları | C1: Yönetici | D1: FYÜ% | E1: Günlük% | F1: Haftalık | G1: Aylık | H1: Ay Başından Bu güne | I1: Yılbaşına Göre | J1: Yıllık | K1: Yatırımcı Sayısı T-30 | L1: Yatırımcı Sayısı T-1 | M1: YS Değişim | N1: Önceki Ay FTD | O1: T-1 FTD | P1: FTD Değişim | Q1: Standart Sapma (Aylık) | R1: TEFAS Durumu | S1: Mevduat (TL) | T1: Vadeli İşlemler Nakit Teminatları | U1: Ters Repo Oranı | V1: Hisse Oranı | W1: Para Piyasaları Oranı | X1: Yatırım Fonları Katılma Payları | Y1: Özel Tahvil/Bono Oranı | Z1: Finansman Bonosu Oranı | AA1: Diğer Oran | AB1: Toplam
A2: ADE | B2: AK Portföy Mutlak Getiri Hedefli Değişken Fon | C2: AK Portföy | D2: 0.02 | E2: 0.78172094 | F2: 0.036711245 | G2: -1.6148847 | H2: -0.45273127 | I2: 5.2244373 | J2: 24.324597 | K2: 26299 | L2: 25860 | M2: -0.01669265 | N2: 8.7508915e+08 | O2: 7.3641465e+08 | P2: -0.15846899 | Q2: 0.39927727 | R2: Görüyor | S2: 0.028 | T2: 0.1637 | U2: 0 | V2: 0.5993 | W2: 0.0987 | X2: 0.0948 | Y2: 0 | Z2: 0 | AA2: 0 | AB2: 0.9845 | AD2: =IF(ISNUMBER(INDEX($A$2:$AB$29,1,MATCH('Dengeli Değişken'!$E$2,$A$1:$AB$1,0))),INDEX($A$2:$AB$29,1,MATCH('Dengeli Değişken'!$E$2,$A$1:$AB$1,0)),-1000000000)-ROW()/10000000 -> 0.78172074
A3: DID | B3: Deniz Portföy İkinci Değişken Fon | C3: Deniz Portföy | D3: 0.0195 | E3: 0.38193687 | F3: -0.24731216 | G3: 2.749236 | H3: 1.3278531 | I3: 15.209445 | J3: 33.207099 | K3: 161 | L3: 154 | M3: -0.043478261 | N3: 32574515 | O3: 26999558 | P3: -0.17114475 | Q3: 0.76310512 | R3: Görüyor | S3: 0.0101 | T3: 0.0123 | U3: 0.3352 | V3: 0.2606 | W3: 0.0056 | X3: 0.0598 | Y3: 0 | Z3: 0 | AA3: 0 | AB3: 0.6836 | AD3: =IF(ISNUMBER(INDEX($A$2:$AB$29,2,MATCH('Dengeli Değişken'!$E$2,$A$1:$AB$1,0))),INDEX($A$2:$AB$29,2,MATCH('Dengeli Değişken'!$E$2,$A$1:$AB$1,0)),-1000000000)-ROW()/10000000 -> 0.38193657
A4: EIB | B4: Astra Portföy Değişken Fon | C4: Astra Portföy | D4: 0.02089625 | E4: 0.26760275 | F4: 1.3288915 | G4: 5.1957942 | H4: 2.4603244 | I4: 27.096365 | J4: 49.36056 | K4: 530 | L4: 513 | M4: -0.032075472 | N4: 3.143333e+08 | O4: 3.4417803e+08 | P4: 0.094946111 | Q4: 0.23661024 | R4: Görüyor | S4: 0 | T4: 0 | U4: 0.4739 | V4: 0 | W4: 0.1744 | X4: 0.1756 | Y4: 0.1289 | Z4: 0 | AA4: 0.0441 | AB4: 0.9969 | AD4: =IF(ISNUMBER(INDEX($A$2:$AB$29,3,MATCH('Dengeli Değişken'!$E$2,$A$1:$AB$1,0))),INDEX($A$2:$AB$29,3,MATCH('Dengeli Değişken'!$E$2,$A$1:$AB$1,0)),-1000000000)-ROW()/10000000 -> 0.26760235
A5: AGC | B5: AK Portföy İkinci Değişken Fon | C5: AK Portföy | D5: 0.015 | E5: 0.14699815 | F5: 0.41226934 | G5: 2.2895211 | H5: 0.92232218 | I5: 13.452507 | J5: 28.482701 | K5: 2438 | L5: 2443 | M5: 0.0020508614 | N5: 98474143 | O5: 1.1360763e+08 | P5: 0.1536798 | Q5: 0.072848756 | R5: Görüyor | S5: 0 | T5: 0.0189 | U5: 0.3284 | V5: 0 | W5: 0.0062 | X5: 0 | Y5: 0 | Z5: 0 | AA5: 0 | AB5: 0.3535 | AD5: =IF(ISNUMBER(INDEX($A$2:$AB$29,4,MATCH('Dengeli Değişken'!$E$2,$A$1:$AB$1,0))),INDEX($A$2:$AB$29,4,MATCH('Dengeli Değişken'!$E$2,$A$1:$AB$1,0)),-1000000000)-ROW()/10000000 -> 0.14699765
A6: TE4 | B6: Teb Portföy Birinci Değişken Fon | C6: Teb Portföy | D6: 0.025 | E6: 0.12897951 | F6: 0.63539488 | G6: 3.3864553 | H6: 1.3626364 | I6: 22.353 | J6: 50.186904 | K6: 1615 | L6: 1509 | M6: -0.065634675 | N6: 2.0534975e+09 | O6: 2.2612328e+09 | P6: 0.10116171 | Q6: 0.13621375 | R6: Görüyor | S6: 0.0249 | T6: 0.0293 | U6: 0.4865 | V6: 0 | W6: 0.0088 | X6: 0.0285 | Y6: 0.0009 | Z6: 0 | AA6: 0 | AB6: 0.5789 | AD6: =IF(ISNUMBER(INDEX($A$2:$AB$29,5,MATCH('Dengeli Değişken'!$E$2,$A$1:$AB$1,0))),INDEX($A$2:$AB$29,5,MATCH('Dengeli Değişken'!$E$2,$A$1:$AB$1,0)),-1000000000)-ROW()/10000000 -> 0.12897891
A7: TI4 | B7: İŞ Portföy Temkinli Değişken Fon | C7: İŞ Portföy | D7: 0.02 | E7: 0.12262123 | F7: 0.67735272 | G7: 3.7577358 | H7: 1.0787608 | I7: 13.970815 | J7: 40.593484 | K7: 14564 | L7: 14534 | M7: -0.0020598737 | N7: 1.9689614e+09 | O7: 1.8448065e+09 | P7: -0.063056045 | Q7: 0.2123973 | R7: Görüyor | S7: 0 | T7: 0.0377 | U7: 0.8819 | V7: 0 | W7: 0 | X7: 0.0778 | Y7: 0.0026 | Z7: 0 | AA7: 0 | AB7: 1 | AD7: =IF(ISNUMBER(INDEX($A$2:$AB$29,6,MATCH('Dengeli Değişken'!$E$2,$A$1:$AB$1,0))),INDEX($A$2:$AB$29,6,MATCH('Dengeli Değişken'!$E$2,$A$1:$AB$1,0)),-1000000000)-ROW()/10000000 -> 0.12262053
A8: HPO | B8: Hsbc Portföy Çoklu Varlık Birinci Değişken Fon | C8: Hsbc Portföy | D8: 0.01533 | E8: 0.12250398 | F8: 0.26560018 | G8: 2.6320416 | H8: 1.0409455 | I8: 19.771097 | J8: 40.789995 | K8: 2991 | L8: 2912 | M8: -0.026412571 | N8: 1.2621836e+09 | O8: 1.1839928e+09 | P8: -0.061948872 | Q8: 0.22685098 | R8: Görüyor | S8: 0.028 | T8: 0.015 | U8: 0.3241 | V8: 0 | W8: 0.0006 | X8: 0.1831 | Y8: 0.1547 | Z8: 0.1293 | AA8: 0.0146 | AB8: 0.8494 | AD8: =IF(ISNUMBER(INDEX($A$2:$AB$29,7,MATCH('Dengeli Değişken'!$E$2,$A$1:$AB$1,0))),INDEX($A$2:$AB$29,7,MATCH('Dengeli Değişken'!$E$2,$A$1:$AB$1,0)),-1000000000)-ROW()/10000000 -> 0.12250318
A9: BVD | B9: BV Portföy Birinci Değişken Fon | C9: BV Portföy | D9: 0.025 | E9: 0.10233046 | F9: 1.0038951 | G9: 3.6028659 | H9: 2.2390482 | I9: 32.125875 | J9: - | K9: 322 | L9: 264 | M9: -0.18012422 | N9: 3.0852674e+08 | O9: 330064260 | P9: 0.069807614 | Q9: 0.3769296 | R9: Görüyor | S9: 0 | T9: 0.0674 | U9: 0 | V9: 0.2381 | W9: 0.007 | X9: 0.1225 | Y9: 0 | Z9: 0.0169 | AA9: 0 | AB9: 0.4519 | AD9: =IF(ISNUMBER(INDEX($A$2:$AB$29,8,MATCH('Dengeli Değişken'!$E$2,$A$1:$AB$1,0))),INDEX($A$2:$AB$29,8,MATCH('Dengeli Değişken'!$E$2,$A$1:$AB$1,0)),-1000000000)-ROW()/10000000 -> 0.10232956
A10: MBL | B10: Meksa Portföy İkinci Değişken Fon | C10: Meksa Portföy | D10: 0.02 | E10: 0.095158151 | F10: 0.70767853 | G10: 3.3163408 | H10: 1.4414368 | I10: 21.406347 | J10: 45.427353 | K10: 212 | L10: 210 | M10: -0.0094339623 | N10: 22304156 | O10: 20185999 | P10: -0.094966908 | Q10: 0.082107468 | R10: Görüyor | S10: 0 | T10: 0.0004 | U10: 0.5932 | V10: 0 | W10: 0.173 | X10: 0 | Y10: 0.0797 | Z10: 0.1537 | AA10: 0 | AB10: 1 | AD10: =IF(ISNUMBER(INDEX($A$2:$AB$29,9,MATCH('Dengeli Değişken'!$E$2,$A$1:$AB$1,0))),INDEX($A$2:$AB$29,9,MATCH('Dengeli Değişken'!$E$2,$A$1:$AB$1,0)),-1000000000)-ROW()/10000000 -> 0.095157151
A11: RD1 | B11: Rota Portföy Birinci Değişken Fon | C11: Rota Portföy | D11: 0.02 | E11: 0.061684555 | F11: 0.14800378 | G11: 3.7105302 | H11: 2.5342167 | I11: 6.3764876 | J11: 31.31773 | K11: 153 | L11: 143 | M11: -0.065359477 | N11: 60934279 | O11: 61973950 | P11: 0.017062175 | Q11: 0.69591757 | R11: Görüyor | S11: 0 | T11: 0.2347 | U11: 0.2131 | V11: 0.5377 | W11: 0.0069 | X11: 0.0076 | Y11: 0 | Z11: 0 | AA11: 0 | AB11: 1 | AD11: =IF(ISNUMBER(INDEX($A$2:$AB$29,10,MATCH('Dengeli Değişken'!$E$2,$A$1:$AB$1,0))),INDEX($A$2:$AB$29,10,MATCH('Dengeli Değişken'!$E$2,$A$1:$AB$1,0)),-1000000000)-ROW()/10000000 -> 0.061683455
A12: SUA | B12: Ünlü Portföy Birinci Değişken Fon | C12: Ünlü Portföy | D12: 0.02 | E12: 0.041199809 | F12: 0.31414864 | G12: 2.6682452 | H12: 0.74469287 | I12: 19.034169 | J12: 51.088764 | K12: 1260 | L12: 1231 | M12: -0.023015873 | N12: 2.3857346e+09 | O12: 2.4166966e+09 | P12: 0.01297798 | Q12: 0.57152127 | R12: Görüyor | S12: 0.0655 | T12: 0.0143 | U12: 0.5154 | V12: 0.0973 | W12: 0.0002 | X12: 0.1973 | Y12: 0.0076 | Z12: 0.0416 | AA12: 0 | AB12: 0.9392 | AD12: =IF(ISNUMBER(INDEX($A$2:$AB$29,11,MATCH('Dengeli Değişken'!$E$2,$A$1:$AB$1,0))),INDEX($A$2:$AB$29,11,MATCH('Dengeli Değişken'!$E$2,$A$1:$AB$1,0)),-1000000000)-ROW()/10000000 -> 0.041198609
A13: RPD | B13: Re-pıe Portföy Birinci Değişken Fon | C13: Re-pıe Portföy | D13: 0.0119 | E13: 0.040229182 | F13: 0.18806387 | G13: 6.4868394 | H13: 1.300544 | I13: 24.351204 | J13: 47.522275 | K13: 2072 | L13: 2007 | M13: -0.031370656 | N13: 2.8604728e+08 | O13: 3.0164628e+08 | P13: 0.054532932 | Q13: 1.0240457 | R13: Görüyor | S13: 0.032 | T13: 0.0494 | U13: 0 | V13: 0.1124 | W13: 0.1994 | X13: 0 | Y13: 0.0077 | Z13: 0.1308 | AA13: 0 | AB13: 0.5317 | AD13: =IF(ISNUMBER(INDEX($A$2:$AB$29,12,MATCH('Dengeli Değişken'!$E$2,$A$1:$AB$1,0))),INDEX($A$2:$AB$29,12,MATCH('Dengeli Değişken'!$E$2,$A$1:$AB$1,0)),-1000000000)-ROW()/10000000 -> 0.040227882
A14: PID | B14: Piramit Portföy Değişken Fon | C14: Piramit Portföy | D14: 0.01575 | E14: 0.03675452 | F14: 0.77869489 | G14: 2.9623655 | H14: 1.5819986 | I14: 25.212298 | J14: 39.452783 | K14: 90 | L14: 94 | M14: 0.044444444 | N14: 53799862 | O14: 50407016 | P14: -0.063064218 | Q14: 0.22443163 | R14: Görüyor | S14: 0 | T14: 0.2293 | U14: 0 | V14: 0.5741 | W14: 0 | X14: 0.1966 | Y14: 0 | Z14: 0 | AA14: 0 | AB14: 1 | AD14: =IF(ISNUMBER(INDEX($A$2:$AB$29,13,MATCH('Dengeli Değişken'!$E$2,$A$1:$AB$1,0))),INDEX($A$2:$AB$29,13,MATCH('Dengeli Değişken'!$E$2,$A$1:$AB$1,0)),-1000000000)-ROW()/10000000 -> 0.03675312
A15: ICD | B15: Icbc Turkey Portföy Birinci Değişken Fon | C15: Icbc Turkey Portföy | D15: 0.0195 | E15: 0.0041937557 | F15: 0.37621701 | G15: 2.5061266 | H15: 0.97529896 | I15: 15.728802 | J15: 38.552227 | K15: 212 | L15: 200 | M15: -0.056603774 | N15: 43730547 | O15: 43343612 | P15: -0.0088481674 | Q15: 0.15435353 | R15: Görüyor | S15: 0 | T15: 0.0248 | U15: 0.2077 | V15: 0.0266 | W15: 0.0173 | X15: 0 | Y15: 0 | Z15: 0.1535 | AA15: 0.0716 | AB15: 0.5015 | AD15: =IF(ISNUMBER(INDEX($A$2:$AB$29,14,MATCH('Dengeli Değişken'!$E$2,$A$1:$AB$1,0))),INDEX($A$2:$AB$29,14,MATCH('Dengeli Değişken'!$E$2,$A$1:$AB$1,0)),-1000000000)-ROW()/10000000 -> 0.0041922557
A16: GPB | B16: Garanti Portföy Birinci Değişken Fon | C16: Garanti Portföy | D16: 0.025 | E16: -0.089842751 | F16: 0.18720771 | G16: 3.3167067 | H16: 0.84969944 | I16: 18.147219 | J16: 39.174666 | K16: 9693 | L16: 9630 | M16: -0.0064995357 | N16: 1.2066128e+09 | O16: 1.2240692e+09 | P16: 0.014467276 | Q16: 0.17354635 | R16: Görüyor | S16: 0.0203 | T16: 0.0544 | U16: 0.2015 | V16: 0.0326 | W16: 0 | X16: 0.0446 | Y16: 0.2808 | Z16: 0.0926 | AA16: 0 | AB16: 0.7268 | AD16: =IF(ISNUMBER(INDEX($A$2:$AB$29,15,MATCH('Dengeli Değişken'!$E$2,$A$1:$AB$1,0))),INDEX($A$2:$AB$29,15,MATCH('Dengeli Değişken'!$E$2,$A$1:$AB$1,0)),-1000000000)-ROW()/10000000 -> -0.089844351
A17: RKC | B17: Rota Portföy İkinci Değişken Fon | C17: Rota Portföy | D17: 0.02 | E17: -0.10512585 | F17: 0.2778988 | G17: 2.9341018 | H17: 1.6171632 | I17: 23.894327 | J17: 61.008207 | K17: 354 | L17: 297 | M17: -0.16101695 | N17: 49888931 | O17: 43733144 | P17: -0.12338984 | Q17: 0.42508844 | R17: Görüyor | S17: 0 | T17: 0.1642 | U17: 0.57 | V17: 0.0783 | W17: 0.0044 | X17: 0.1831 | Y17: 0 | Z17: 0 | AA17: 0 | AB17: 1 | AD17: =IF(ISNUMBER(INDEX($A$2:$AB$29,16,MATCH('Dengeli Değişken'!$E$2,$A$1:$AB$1,0))),INDEX($A$2:$AB$29,16,MATCH('Dengeli Değişken'!$E$2,$A$1:$AB$1,0)),-1000000000)-ROW()/10000000 -> -0.10512755
A18: ZDD | B18: Ziraat Portföy Temkinli Değişken Fon | C18: Ziraat Portföy | D18: 0.02 | E18: -0.12144146 | F18: -0.22144103 | G18: 2.8110934 | H18: 0.012259199 | I18: 17.80875 | J18: 37.892444 | K18: 1438 | L18: 1422 | M18: -0.011126565 | N18: 4.8739938e+08 | O18: 4.992526e+08 | P18: 0.024319317 | Q18: 0.3691612 | R18: Görüyor | S18: 0 | T18: 0.0327 | U18: 0.0348 | V18: 0.1225 | W18: 0 | X18: 0.1843 | Y18: 0.033 | Z18: 0.0231 | AA18: 0 | AB18: 0.4304 | AD18: =IF(ISNUMBER(INDEX($A$2:$AB$29,17,MATCH('Dengeli Değişken'!$E$2,$A$1:$AB$1,0))),INDEX($A$2:$AB$29,17,MATCH('Dengeli Değişken'!$E$2,$A$1:$AB$1,0)),-1000000000)-ROW()/10000000 -> -0.12144326
A19: GAH | B19: Garanti Portföy Mutlak Getiri Hedefli Değişken Fon | C19: Garanti Portföy | D19: 0.027 | E19: -0.26962968 | F19: -0.20661213 | G19: 3.0061403 | H19: 0.57278606 | I19: 17.774524 | J19: 39.326551 | K19: 2937 | L19: 2834 | M19: -0.035069799 | N19: 3.932536e+08 | O19: 3.8472488e+08 | P19: -0.021687588 | Q19: 0.31839429 | R19: Görüyor | S19: 0.0246 | T19: 0.1267 | U19: 0.2199 | V19: 0.1049 | W19: 0 | X19: 0.1224 | Y19: 0.1237 | Z19: 0.0585 | AA19: 0 | AB19: 0.7807 | AD19: =IF(ISNUMBER(INDEX($A$2:$AB$29,18,MATCH('Dengeli Değişken'!$E$2,$A$1:$AB$1,0))),INDEX($A$2:$AB$29,18,MATCH('Dengeli Değişken'!$E$2,$A$1:$AB$1,0)),-1000000000)-ROW()/10000000 -> -0.26963158
A20: GPI | B20: Garanti Portföy İkinci Değişken Fon | C20: Garanti Portföy | D20: 0.025 | E20: -0.28089647 | F20: -0.19990672 | G20: 2.9484991 | H20: 0.5716045 | I20: 18.570882 | J20: 39.704309 | K20: 2936 | L20: 2886 | M20: -0.017029973 | N20: 7.408278e+08 | O20: 7.4670478e+08 | P20: 0.007932993 | Q20: 0.30786705 | R20: Görüyor | S20: 0.0218 | T20: 0.0843 | U20: 0.2796 | V20: 0.0902 | W20: 0 | X20: 0.0969 | Y20: 0.1472 | Z20: 0.0612 | AA20: 0 | AB20: 0.7812 | AD20: =IF(ISNUMBER(INDEX($A$2:$AB$29,19,MATCH('Dengeli Değişken'!$E$2,$A$1:$AB$1,0))),INDEX($A$2:$AB$29,19,MATCH('Dengeli Değişken'!$E$2,$A$1:$AB$1,0)),-1000000000)-ROW()/10000000 -> -0.28089847
A21: FNO | B21: Qnb Portföy Birinci Değişken Fon | C21: Qnb Portföy | D21: 0.020075 | E21: -0.30438938 | F21: -0.11246599 | G21: 2.5772955 | H21: 0.082737757 | I21: 12.62345 | J21: 36.283583 | K21: 7309 | L21: 6999 | M21: -0.042413463 | N21: 1.1782592e+10 | O21: 1.1550547e+10 | P21: -0.019693913 | Q21: 0.34952281 | R21: Görüyor | S21: 0 | T21: 0.2168 | U21: 0.0086 | V21: 0.2654 | W21: 0.0025 | X21: 0.004 | Y21: 0 | Z21: 0.0027 | AA21: 0.0006 | AB21: 0.5006 | AD21: =IF(ISNUMBER(INDEX($A$2:$AB$29,20,MATCH('Dengeli Değişken'!$E$2,$A$1:$AB$1,0))),INDEX($A$2:$AB$29,20,MATCH('Dengeli Değişken'!$E$2,$A$1:$AB$1,0)),-1000000000)-ROW()/10000000 -> -0.30439148
A22: DGF | B22: A1 Capital Portföy Değişken Fon | C22: A1 Capital Portföy | D22: 0.019 | E22: -0.41450557 | F22: -2.1769674 | G22: -1.1231865 | H22: -1.6610165 | I22: 12.860351 | J22: - | K22: 187 | L22: 160 | M22: -0.14438503 | N22: 18152402 | O22: 14323254 | P22: -0.21094442 | Q22: 0.69249612 | R22: Görüyor | S22: 0 | T22: 0.3333 | U22: 0 | V22: 0.4466 | W22: 0.0725 | X22: 0.0571 | Y22: 0 | Z22: 0.0905 | AA22: 0 | AB22: 1 | AD22: =IF(ISNUMBER(INDEX($A$2:$AB$29,21,MATCH('Dengeli Değişken'!$E$2,$A$1:$AB$1,0))),INDEX($A$2:$AB$29,21,MATCH('Dengeli Değişken'!$E$2,$A$1:$AB$1,0)),-1000000000)-ROW()/10000000 -> -0.41450777
A23: RIK | B23: Re-pıe Portföy İkinci Değişken Fon | C23: Re-pıe Portföy | D23: 0.015 | E23: -0.51260781 | F23: -0.87892301 | G23: 1.155029 | H23: -0.30330571 | I23: 19.960939 | J23: 47.507928 | K23: 6012 | L23: 5180 | M23: -0.13838989 | N23: 1.2184165e+09 | O23: 9.8374405e+08 | P23: -0.19260446 | Q23: 0.82567693 | R23: Görüyor | S23: 0 | T23: 0.0137 | U23: 0 | V23: 0.1739 | W23: 0.0609 | X23: 0.1396 | Y23: 0.097 | Z23: 0.1868 | AA23: 0.008 | AB23: 0.6799 | AD23: =IF(ISNUMBER(INDEX($A$2:$AB$29,22,MATCH('Dengeli Değişken'!$E$2,$A$1:$AB$1,0))),INDEX($A$2:$AB$29,22,MATCH('Dengeli Değişken'!$E$2,$A$1:$AB$1,0)),-1000000000)-ROW()/10000000 -> -0.51261011
A24: OPL | B24: Osmanlı Portföy İkinci Değişken Fon | C24: Osmanlı Portföy | D24: 0.014 | E24: -0.52531163 | F24: -0.46191084 | G24: 2.6521727 | H24: 1.9345462 | I24: 10.486109 | J24: 40.412351 | K24: 687 | L24: 583 | M24: -0.15138282 | N24: 53771862 | O24: 42751055 | P24: -0.20495491 | Q24: 0.86485137 | R24: Görüyor | S24: 0.0007 | T24: 0 | U24: 0 | V24: 0.0001 | W24: 0.0416 | X24: 0.0389 | Y24: 0.0149 | Z24: 0.1268 | AA24: 0 | AB24: 0.223 | AD24: =IF(ISNUMBER(INDEX($A$2:$AB$29,23,MATCH('Dengeli Değişken'!$E$2,$A$1:$AB$1,0))),INDEX($A$2:$AB$29,23,MATCH('Dengeli Değişken'!$E$2,$A$1:$AB$1,0)),-1000000000)-ROW()/10000000 -> -0.52531403
A25: HVU | B25: Allbatross Portföy Birinci Değişken Fon | C25: Allbatross Portföy | D25: 0.021 | E25: -0.52547773 | F25: 1.5891034 | G25: 3.7883574 | H25: 1.7972211 | I25: 17.88378 | J25: 31.917646 | K25: 869 | L25: 831 | M25: -0.043728423 | N25: 20222694 | O25: 18683325 | P25: -0.076120843 | Q25: 0.63684012 | R25: Görüyor | S25: 0 | T25: 0.1684 | U25: 0 | V25: 0.3582 | W25: 0.105 | X25: 0.1584 | Y25: 0 | Z25: 0.1311 | AA25: 0 | AB25: 0.9211 | AD25: =IF(ISNUMBER(INDEX($A$2:$AB$29,24,MATCH('Dengeli Değişken'!$E$2,$A$1:$AB$1,0))),INDEX($A$2:$AB$29,24,MATCH('Dengeli Değişken'!$E$2,$A$1:$AB$1,0)),-1000000000)-ROW()/10000000 -> -0.52548023
A26: IYB | B26: Aura Portföy Değişken Fonu | C26: Aura Portföy | D26: 0.024 | E26: -0.54295463 | F26: -1.0784558 | G26: 2.86978 | H26: -0.17194873 | I26: 24.287438 | J26: 57.083058 | K26: 476 | L26: 417 | M26: -0.12394958 | N26: 1.4969041e+08 | O26: 96813712 | P26: -0.3532404 | Q26: 0.44440989 | R26: Görüyor | S26: 0 | T26: 0.0934 | U26: 0 | V26: 0.2098 | W26: 0 | X26: 0.0808 | Y26: 0.112 | Z26: 0.4801 | AA26: 0 | AB26: 0.9761 | AD26: =IF(ISNUMBER(INDEX($A$2:$AB$29,25,MATCH('Dengeli Değişken'!$E$2,$A$1:$AB$1,0))),INDEX($A$2:$AB$29,25,MATCH('Dengeli Değişken'!$E$2,$A$1:$AB$1,0)),-1000000000)-ROW()/10000000 -> -0.54295723
A27: NKP | B27: Neo Portföy Kar Payı Ödeyen Değişken Fon | C27: Neo Portföy | D27: 0.0225 | E27: -0.63295511 | F27: -0.36709062 | G27: 0.81714658 | H27: -1.4471167 | I27: 8.8072204 | J27: - | K27: 3577 | L27: 3540 | M27: -0.010343864 | N27: 1.8607165e+08 | O27: 1.9146884e+08 | P27: 0.029005936 | Q27: 1.1149181 | R27: Görüyor | S27: 0 | T27: 0.0195 | U27: 0 | V27: 0.1537 | W27: 0 | X27: 0.069 | Y27: 0 | Z27: 0.0887 | AA27: 0 | AB27: 0.3309 | AD27: =IF(ISNUMBER(INDEX($A$2:$AB$29,26,MATCH('Dengeli Değişken'!$E$2,$A$1:$AB$1,0))),INDEX($A$2:$AB$29,26,MATCH('Dengeli Değişken'!$E$2,$A$1:$AB$1,0)),-1000000000)-ROW()/10000000 -> -0.63295781
A28: TE3 | B28: Teb Portföy Mutlak Getiri Hedefli Değişken Fon | C28: Teb Portföy | D28: 0.0165 | E28: -0.88171879 | F28: -1.1862721 | G28: 3.0852 | H28: 0.27179912 | I28: 25.181471 | J28: 52.441303 | K28: 3252 | L28: 3067 | M28: -0.056888069 | N28: 1.2069225e+09 | O28: 1.2048919e+09 | P28: -0.001682445 | Q28: 0.76755803 | R28: Görüyor | S28: 0.0186 | T28: 0.1074 | U28: 0.4276 | V28: 0.0092 | W28: 0 | X28: 0.1696 | Y28: 0.0312 | Z28: 0 | AA28: 0 | AB28: 0.7636 | AD28: =IF(ISNUMBER(INDEX($A$2:$AB$29,27,MATCH('Dengeli Değişken'!$E$2,$A$1:$AB$1,0))),INDEX($A$2:$AB$29,27,MATCH('Dengeli Değişken'!$E$2,$A$1:$AB$1,0)),-1000000000)-ROW()/10000000 -> -0.88172159
A29: PGD | B29: Astra Portföy Agresif Değişken Fon | C29: Astra Portföy | D29: 0.021 | E29: -2.6030398 | F29: -2.1290146 | G29: 0.85314524 | H29: -1.4748004 | I29: 20.115357 | J29: 39.791355 | K29: 134 | L29: 196 | M29: 0.46268657 | N29: 1.5733066e+08 | O29: 1.7262594e+08 | P29: 0.097217422 | Q29: 0.64646633 | R29: Görüyor | S29: 0 | T29: 0 | U29: 0 | V29: 0.5502 | W29: 0.001 | X29: 0.1379 | Y29: 0.1495 | Z29: 0 | AA29: 0.1326 | AB29: 0.9712 | AD29: =IF(ISNUMBER(INDEX($A$2:$AB$29,28,MATCH('Dengeli Değişken'!$E$2,$A$1:$AB$1,0))),INDEX($A$2:$AB$29,28,MATCH('Dengeli Değişken'!$E$2,$A$1:$AB$1,0)),-1000000000)-ROW()/10000000 -> -2.6030427

Sheet Dengeli Değişken
F1: 46216 | G1: 46210 | H1: 46185 | I1: 46203 | J1: 46022 | K1: 45852
B2: T-1: 14.07.2026 | D2: Sırala: | E2: Günlük%
B3: Fon Kodu | C3: Dengeli Değişken Fonları | D3: Yönetici | E3: FYÜ% | F3: Günlük% | G3: Haftalık | H3: Aylık | I3: Ay Başından Bu güne | J3: Yılbaşına Göre | K3: Yıllık | L3: Yatırımcı Sayısı T-30 | M3: Yatırımcı Sayısı T-1 | N3: YS Değişim | O3: Önceki Ay FTD | P3: T-1 FTD | Q3: FTD Değişim | R3: Standart Sapma (Aylık) | S3: TEFAS Durumu | T3: Mevduat (TL) | U3: Vadeli İşlemler Nakit Teminatları | V3: Ters Repo Oranı | W3: Hisse Oranı | X3: Para Piyasaları Oranı | Y3: Yatırım Fonları Katılma Payları | Z3: Özel Tahvil/Bono Oranı | AA3: Finansman Bonosu Oranı | AB3: Diğer Oran | AC3: Toplam
A4: 1 | B4: =INDEX('V_Dengeli Değişken'!A$2:A$29,MATCH(LARGE('V_Dengeli Değişken'!$AD$2:$AD$29,ROW()-3),'V_Dengeli Değişken'!$AD$2:$AD$29,0)) -> ADE | C4: =INDEX('V_Dengeli Değişken'!B$2:B$29,MATCH(LARGE('V_Dengeli Değişken'!$AD$2:$AD$29,ROW()-3),'V_Dengeli Değişken'!$AD$2:$AD$29,0)) -> AK Portföy Mutlak Getiri Hedefli Değişken Fon | D4: =INDEX('V_Dengeli Değişken'!C$2:C$29,MATCH(LARGE('V_Dengeli Değişken'!$AD$2:$AD$29,ROW()-3),'V_Dengeli Değişken'!$AD$2:$AD$29,0)) -> AK Portföy | E4: =INDEX('V_Dengeli Değişken'!D$2:D$29,MATCH(LARGE('V_Dengeli Değişken'!$AD$2:$AD$29,ROW()-3),'V_Dengeli Değişken'!$AD$2:$AD$29,0)) -> 0.02 | F4: =INDEX('V_Dengeli Değişken'!E$2:E$29,MATCH(LARGE('V_Dengeli Değişken'!$AD$2:$AD$29,ROW()-3),'V_Dengeli Değişken'!$AD$2:$AD$29,0)) -> 0.78172094 | G4: =INDEX('V_Dengeli Değişken'!F$2:F$29,MATCH(LARGE('V_Dengeli Değişken'!$AD$2:$AD$29,ROW()-3),'V_Dengeli Değişken'!$AD$2:$AD$29,0)) -> 0.036711245 | H4: =INDEX('V_Dengeli Değişken'!G$2:G$29,MATCH(LARGE('V_Dengeli Değişken'!$AD$2:$AD$29,ROW()-3),'V_Dengeli Değişken'!$AD$2:$AD$29,0)) -> -1.6148847 | I4: =INDEX('V_Dengeli Değişken'!H$2:H$29,MATCH(LARGE('V_Dengeli Değişken'!$AD$2:$AD$29,ROW()-3),'V_Dengeli Değişken'!$AD$2:$AD$29,0)) -> -0.45273127 | ... AC4: =INDEX('V_Dengeli Değişken'!AB$2:AB$29,MATCH(LARGE('V_Dengeli Değişken'!$AD$2:$AD$29,ROW()-3),'V_Dengeli Değişken'!$AD$2:$AD$29,0)) -> 0.9845
A5: 2 | B5: =INDEX('V_Dengeli Değişken'!A$2:A$29,MATCH(LARGE('V_Dengeli Değişken'!$AD$2:$AD$29,ROW()-3),'V_Dengeli Değişken'!$AD$2:$AD$29,0)) -> DID | C5: =INDEX('V_Dengeli Değişken'!B$2:B$29,MATCH(LARGE('V_Dengeli Değişken'!$AD$2:$AD$29,ROW()-3),'V_Dengeli Değişken'!$AD$2:$AD$29,0)) -> Deniz Portföy İkinci Değişken Fon | D5: =INDEX('V_Dengeli Değişken'!C$2:C$29,MATCH(LARGE('V_Dengeli Değişken'!$AD$2:$AD$29,ROW()-3),'V_Dengeli Değişken'!$AD$2:$AD$29,0)) -> Deniz Portföy | E5: =INDEX('V_Dengeli Değişken'!D$2:D$29,MATCH(LARGE('V_Dengeli Değişken'!$AD$2:$AD$29,ROW()-3),'V_Dengeli Değişken'!$AD$2:$AD$29,0)) -> 0.0195 | F5: =INDEX('V_Dengeli Değişken'!E$2:E$29,MATCH(LARGE('V_Dengeli Değişken'!$AD$2:$AD$29,ROW()-3),'V_Dengeli Değişken'!$AD$2:$AD$29,0)) -> 0.38193687 | G5: =INDEX('V_Dengeli Değişken'!F$2:F$29,MATCH(LARGE('V_Dengeli Değişken'!$AD$2:$AD$29,ROW()-3),'V_Dengeli Değişken'!$AD$2:$AD$29,0)) -> -0.24731216 | H5: =INDEX('V_Dengeli Değişken'!G$2:G$29,MATCH(LARGE('V_Dengeli Değişken'!$AD$2:$AD$29,ROW()-3),'V_Dengeli Değişken'!$AD$2:$AD$29,0)) -> 2.749236 | I5: =INDEX('V_Dengeli Değişken'!H$2:H$29,MATCH(LARGE('V_Dengeli Değişken'!$AD$2:$AD$29,ROW()-3),'V_Dengeli Değişken'!$AD$2:$AD$29,0)) -> 1.3278531 | ... AC5: =INDEX('V_Dengeli Değişken'!AB$2:AB$29,MATCH(LARGE('V_Dengeli Değişken'!$AD$2:$AD$29,ROW()-3),'V_Dengeli Değişken'!$AD$2:$AD$29,0)) -> 0.6836
A6: 3 | B6: =INDEX('V_Dengeli Değişken'!A$2:A$29,MATCH(LARGE('V_Dengeli Değişken'!$AD$2:$AD$29,ROW()-3),'V_Dengeli Değişken'!$AD$2:$AD$29,0)) -> EIB | C6: =INDEX('V_Dengeli Değişken'!B$2:B$29,MATCH(LARGE('V_Dengeli Değişken'!$AD$2:$AD$29,ROW()-3),'V_Dengeli Değişken'!$AD$2:$AD$29,0)) -> Astra Portföy Değişken Fon | D6: =INDEX('V_Dengeli Değişken'!C$2:C$29,MATCH(LARGE('V_Dengeli Değişken'!$AD$2:$AD$29,ROW()-3),'V_Dengeli Değişken'!$AD$2:$AD$29,0)) -> Astra Portföy | E6: =INDEX('V_Dengeli Değişken'!D$2:D$29,MATCH(LARGE('V_Dengeli Değişken'!$AD$2:$AD$29,ROW()-3),'V_Dengeli Değişken'!$AD$2:$AD$29,0)) -> 0.02089625 | F6: =INDEX('V_Dengeli Değişken'!E$2:E$29,MATCH(LARGE('V_Dengeli Değişken'!$AD$2:$AD$29,ROW()-3),'V_Dengeli Değişken'!$AD$2:$AD$29,0)) -> 0.26760275 | G6: =INDEX('V_Dengeli Değişken'!F$2:F$29,MATCH(LARGE('V_Dengeli Değişken'!$AD$2:$AD$29,ROW()-3),'V_Dengeli Değişken'!$AD$2:$AD$29,0)) -> 1.3288915 | H6: =INDEX('V_Dengeli Değişken'!G$2:G$29,MATCH(LARGE('V_Dengeli Değişken'!$AD$2:$AD$29,ROW()-3),'V_Dengeli Değişken'!$AD$2:$AD$29,0)) -> 5.1957942 | I6: =INDEX('V_Dengeli Değişken'!H$2:H$29,MATCH(LARGE('V_Dengeli Değişken'!$AD$2:$AD$29,ROW()-3),'V_Dengeli Değişken'!$AD$2:$AD$29,0)) -> 2.4603244 | ... AC6: =INDEX('V_Dengeli Değişken'!AB$2:AB$29,MATCH(LARGE('V_Dengeli Değişken'!$AD$2:$AD$29,ROW()-3),'V_Dengeli Değişken'!$AD$2:$AD$29,0)) -> 0.9969
A7: 4 | B7: =INDEX('V_Dengeli Değişken'!A$2:A$29,MATCH(LARGE('V_Dengeli Değişken'!$AD$2:$AD$29,ROW()-3),'V_Dengeli Değişken'!$AD$2:$AD$29,0)) -> AGC | C7: =INDEX('V_Dengeli Değişken'!B$2:B$29,MATCH(LARGE('V_Dengeli Değişken'!$AD$2:$AD$29,ROW()-3),'V_Dengeli Değişken'!$AD$2:$AD$29,0)) -> AK Portföy İkinci Değişken Fon | D7: =INDEX('V_Dengeli Değişken'!C$2:C$29,MATCH(LARGE('V_Dengeli Değişken'!$AD$2:$AD$29,ROW()-3),'V_Dengeli Değişken'!$AD$2:$AD$29,0)) -> AK Portföy | E7: =INDEX('V_Dengeli Değişken'!D$2:D$29,MATCH(LARGE('V_Dengeli Değişken'!$AD$2:$AD$29,ROW()-3),'V_Dengeli Değişken'!$AD$2:$AD$29,0)) -> 0.015 | F7: =INDEX('V_Dengeli Değişken'!E$2:E$29,MATCH(LARGE('V_Dengeli Değişken'!$AD$2:$AD$29,ROW()-3),'V_Dengeli Değişken'!$AD$2:$AD$29,0)) -> 0.14699815 | G7: =INDEX('V_Dengeli Değişken'!F$2:F$29,MATCH(LARGE('V_Dengeli Değişken'!$AD$2:$AD$29,ROW()-3),'V_Dengeli Değişken'!$AD$2:$AD$29,0)) -> 0.41226934 | H7: =INDEX('V_Dengeli Değişken'!G$2:G$29,MATCH(LARGE('V_Dengeli Değişken'!$AD$2:$AD$29,ROW()-3),'V_Dengeli Değişken'!$AD$2:$AD$29,0)) -> 2.2895211 | I7: =INDEX('V_Dengeli Değişken'!H$2:H$29,MATCH(LARGE('V_Dengeli Değişken'!$AD$2:$AD$29,ROW()-3),'V_Dengeli Değişken'!$AD$2:$AD$29,0)) -> 0.92232218 | ... AC7: =INDEX('V_Dengeli Değişken'!AB$2:AB$29,MATCH(LARGE('V_Dengeli Değişken'!$AD$2:$AD$29,ROW()-3),'V_Dengeli Değişken'!$AD$2:$AD$29,0)) -> 0.3535
A8: 5 | B8: =INDEX('V_Dengeli Değişken'!A$2:A$29,MATCH(LARGE('V_Dengeli Değişken'!$AD$2:$AD$29,ROW()-3),'V_Dengeli Değişken'!$AD$2:$AD$29,0)) -> TE4 | C8: =INDEX('V_Dengeli Değişken'!B$2:B$29,MATCH(LARGE('V_Dengeli Değişken'!$AD$2:$AD$29,ROW()-3),'V_Dengeli Değişken'!$AD$2:$AD$29,0)) -> Teb Portföy Birinci Değişken Fon | D8: =INDEX('V_Dengeli Değişken'!C$2:C$29,MATCH(LARGE('V_Dengeli Değişken'!$AD$2:$AD$29,ROW()-3),'V_Dengeli Değişken'!$AD$2:$AD$29,0)) -> Teb Portföy | E8: =INDEX('V_Dengeli Değişken'!D$2:D$29,MATCH(LARGE('V_Dengeli Değişken'!$AD$2:$AD$29,ROW()-3),'V_Dengeli Değişken'!$AD$2:$AD$29,0)) -> 0.025 | F8: =INDEX('V_Dengeli Değişken'!E$2:E$29,MATCH(LARGE('V_Dengeli Değişken'!$AD$2:$AD$29,ROW()-3),'V_Dengeli Değişken'!$AD$2:$AD$29,0)) -> 0.12897951 | G8: =INDEX('V_Dengeli Değişken'!F$2:F$29,MATCH(LARGE('V_Dengeli Değişken'!$AD$2:$AD$29,ROW()-3),'V_Dengeli Değişken'!$AD$2:$AD$29,0)) -> 0.63539488 | H8: =INDEX('V_Dengeli Değişken'!G$2:G$29,MATCH(LARGE('V_Dengeli Değişken'!$AD$2:$AD$29,ROW()-3),'V_Dengeli Değişken'!$AD$2:$AD$29,0)) -> 3.3864553 | I8: =INDEX('V_Dengeli Değişken'!H$2:H$29,MATCH(LARGE('V_Dengeli Değişken'!$AD$2:$AD$29,ROW()-3),'V_Dengeli Değişken'!$AD$2:$AD$29,0)) -> 1.3626364 | ... AC8: =INDEX('V_Dengeli Değişken'!AB$2:AB$29,MATCH(LARGE('V_Dengeli Değişken'!$AD$2:$AD$29,ROW()-3),'V_Dengeli Değişken'!$AD$2:$AD$29,0)) -> 0.5789
A9: 6 | B9: =INDEX('V_Dengeli Değişken'!A$2:A$29,MATCH(LARGE('V_Dengeli Değişken'!$AD$2:$AD$29,ROW()-3),'V_Dengeli Değişken'!$AD$2:$AD$29,0)) -> TI4 | C9: =INDEX('V_Dengeli Değişken'!B$2:B$29,MATCH(LARGE('V_Dengeli Değişken'!$AD$2:$AD$29,ROW()-3),'V_Dengeli Değişken'!$AD$2:$AD$29,0)) -> İŞ Portföy Temkinli Değişken Fon | D9: =INDEX('V_Dengeli Değişken'!C$2:C$29,MATCH(LARGE('V_Dengeli Değişken'!$AD$2:$AD$29,ROW()-3),'V_Dengeli Değişken'!$AD$2:$AD$29,0)) -> İŞ Portföy | E9: =INDEX('V_Dengeli Değişken'!D$2:D$29,MATCH(LARGE('V_Dengeli Değişken'!$AD$2:$AD$29,ROW()-3),'V_Dengeli Değişken'!$AD$2:$AD$29,0)) -> 0.02 | F9: =INDEX('V_Dengeli Değişken'!E$2:E$29,MATCH(LARGE('V_Dengeli Değişken'!$AD$2:$AD$29,ROW()-3),'V_Dengeli Değişken'!$AD$2:$AD$29,0)) -> 0.12262123 | G9: =INDEX('V_Dengeli Değişken'!F$2:F$29,MATCH(LARGE('V_Dengeli Değişken'!$AD$2:$AD$29,ROW()-3),'V_Dengeli Değişken'!$AD$2:$AD$29,0)) -> 0.67735272 | H9: =INDEX('V_Dengeli Değişken'!G$2:G$29,MATCH(LARGE('V_Dengeli Değişken'!$AD$2:$AD$29,ROW()-3),'V_Dengeli Değişken'!$AD$2:$AD$29,0)) -> 3.7577358 | I9: =INDEX('V_Dengeli Değişken'!H$2:H$29,MATCH(LARGE('V_Dengeli Değişken'!$AD$2:$AD$29,ROW()-3),'V_Dengeli Değişken'!$AD$2:$AD$29,0)) -> 1.0787608 | ... AC9: =INDEX('V_Dengeli Değişken'!AB$2:AB$29,MATCH(LARGE('V_Dengeli Değişken'!$AD$2:$AD$29,ROW()-3),'V_Dengeli Değişken'!$AD$2:$AD$29,0)) -> 1
A10: 7 | B10: =INDEX('V_Dengeli Değişken'!A$2:A$29,MATCH(LARGE('V_Dengeli Değişken'!$AD$2:$AD$29,ROW()-3),'V_Dengeli Değişken'!$AD$2:$AD$29,0)) -> HPO | C10: =INDEX('V_Dengeli Değişken'!B$2:B$29,MATCH(LARGE('V_Dengeli Değişken'!$AD$2:$AD$29,ROW()-3),'V_Dengeli Değişken'!$AD$2:$AD$29,0)) -> Hsbc Portföy Çoklu Varlık Birinci Değişken Fon | D10: =INDEX('V_Dengeli Değişken'!C$2:C$29,MATCH(LARGE('V_Dengeli Değişken'!$AD$2:$AD$29,ROW()-3),'V_Dengeli Değişken'!$AD$2:$AD$29,0)) -> Hsbc Portföy | E10: =INDEX('V_Dengeli Değişken'!D$2:D$29,MATCH(LARGE('V_Dengeli Değişken'!$AD$2:$AD$29,ROW()-3),'V_Dengeli Değişken'!$AD$2:$AD$29,0)) -> 0.01533 | F10: =INDEX('V_Dengeli Değişken'!E$2:E$29,MATCH(LARGE('V_Dengeli Değişken'!$AD$2:$AD$29,ROW()-3),'V_Dengeli Değişken'!$AD$2:$AD$29,0)) -> 0.12250398 | G10: =INDEX('V_Dengeli Değişken'!F$2:F$29,MATCH(LARGE('V_Dengeli Değişken'!$AD$2:$AD$29,ROW()-3),'V_Dengeli Değişken'!$AD$2:$AD$29,0)) -> 0.26560018 | H10: =INDEX('V_Dengeli Değişken'!G$2:G$29,MATCH(LARGE('V_Dengeli Değişken'!$AD$2:$AD$29,ROW()-3),'V_Dengeli Değişken'!$AD$2:$AD$29,0)) -> 2.6320416 | I10: =INDEX('V_Dengeli Değişken'!H$2:H$29,MATCH(LARGE('V_Dengeli Değişken'!$AD$2:$AD$29,ROW()-3),'V_Dengeli Değişken'!$AD$2:$AD$29,0)) -> 1.0409455 | ... AC10: =INDEX('V_Dengeli Değişken'!AB$2:AB$29,MATCH(LARGE('V_Dengeli Değişken'!$AD$2:$AD$29,ROW()-3),'V_Dengeli Değişken'!$AD$2:$AD$29,0)) -> 0.8494
A11: 8 | B11: =INDEX('V_Dengeli Değişken'!A$2:A$29,MATCH(LARGE('V_Dengeli Değişken'!$AD$2:$AD$29,ROW()-3),'V_Dengeli Değişken'!$AD$2:$AD$29,0)) -> BVD | C11: =INDEX('V_Dengeli Değişken'!B$2:B$29,MATCH(LARGE('V_Dengeli Değişken'!$AD$2:$AD$29,ROW()-3),'V_Dengeli Değişken'!$AD$2:$AD$29,0)) -> BV Portföy Birinci Değişken Fon | D11: =INDEX('V_Dengeli Değişken'!C$2:C$29,MATCH(LARGE('V_Dengeli Değişken'!$AD$2:$AD$29,ROW()-3),'V_Dengeli Değişken'!$AD$2:$AD$29,0)) -> BV Portföy | E11: =INDEX('V_Dengeli Değişken'!D$2:D$29,MATCH(LARGE('V_Dengeli Değişken'!$AD$2:$AD$29,ROW()-3),'V_Dengeli Değişken'!$AD$2:$AD$29,0)) -> 0.025 | F11: =INDEX('V_Dengeli Değişken'!E$2:E$29,MATCH(LARGE('V_Dengeli Değişken'!$AD$2:$AD$29,ROW()-3),'V_Dengeli Değişken'!$AD$2:$AD$29,0)) -> 0.10233046 | G11: =INDEX('V_Dengeli Değişken'!F$2:F$29,MATCH(LARGE('V_Dengeli Değişken'!$AD$2:$AD$29,ROW()-3),'V_Dengeli Değişken'!$AD$2:$AD$29,0)) -> 1.0038951 | H11: =INDEX('V_Dengeli Değişken'!G$2:G$29,MATCH(LARGE('V_Dengeli Değişken'!$AD$2:$AD$29,ROW()-3),'V_Dengeli Değişken'!$AD$2:$AD$29,0)) -> 3.6028659 | I11: =INDEX('V_Dengeli Değişken'!H$2:H$29,MATCH(LARGE('V_Dengeli Değişken'!$AD$2:$AD$29,ROW()-3),'V_Dengeli Değişken'!$AD$2:$AD$29,0)) -> 2.2390482 | ... AC11: =INDEX('V_Dengeli Değişken'!AB$2:AB$29,MATCH(LARGE('V_Dengeli Değişken'!$AD$2:$AD$29,ROW()-3),'V_Dengeli Değişken'!$AD$2:$AD$29,0)) -> 0.4519
A12: 9 | B12: =INDEX('V_Dengeli Değişken'!A$2:A$29,MATCH(LARGE('V_Dengeli Değişken'!$AD$2:$AD$29,ROW()-3),'V_Dengeli Değişken'!$AD$2:$AD$29,0)) -> MBL | C12: =INDEX('V_Dengeli Değişken'!B$2:B$29,MATCH(LARGE('V_Dengeli Değişken'!$AD$2:$AD$29,ROW()-3),'V_Dengeli Değişken'!$AD$2:$AD$29,0)) -> Meksa Portföy İkinci Değişken Fon | D12: =INDEX('V_Dengeli Değişken'!C$2:C$29,MATCH(LARGE('V_Dengeli Değişken'!$AD$2:$AD$29,ROW()-3),'V_Dengeli Değişken'!$AD$2:$AD$29,0)) -> Meksa Portföy | E12: =INDEX('V_Dengeli Değişken'!D$2:D$29,MATCH(LARGE('V_Dengeli Değişken'!$AD$2:$AD$29,ROW()-3),'V_Dengeli Değişken'!$AD$2:$AD$29,0)) -> 0.02 | F12: =INDEX('V_Dengeli Değişken'!E$2:E$29,MATCH(LARGE('V_Dengeli Değişken'!$AD$2:$AD$29,ROW()-3),'V_Dengeli Değişken'!$AD$2:$AD$29,0)) -> 0.095158151 | G12: =INDEX('V_Dengeli Değişken'!F$2:F$29,MATCH(LARGE('V_Dengeli Değişken'!$AD$2:$AD$29,ROW()-3),'V_Dengeli Değişken'!$AD$2:$AD$29,0)) -> 0.70767853 | H12: =INDEX('V_Dengeli Değişken'!G$2:G$29,MATCH(LARGE('V_Dengeli Değişken'!$AD$2:$AD$29,ROW()-3),'V_Dengeli Değişken'!$AD$2:$AD$29,0)) -> 3.3163408 | I12: =INDEX('V_Dengeli Değişken'!H$2:H$29,MATCH(LARGE('V_Dengeli Değişken'!$AD$2:$AD$29,ROW()-3),'V_Dengeli Değişken'!$AD$2:$AD$29,0)) -> 1.4414368 | ... AC12: =INDEX('V_Dengeli Değişken'!AB$2:AB$29,MATCH(LARGE('V_Dengeli Değişken'!$AD$2:$AD$29,ROW()-3),'V_Dengeli Değişken'!$AD$2:$AD$29,0)) -> 1
A13: 10 | B13: =INDEX('V_Dengeli Değişken'!A$2:A$29,MATCH(LARGE('V_Dengeli Değişken'!$AD$2:$AD$29,ROW()-3),'V_Dengeli Değişken'!$AD$2:$AD$29,0)) -> RD1 | C13: =INDEX('V_Dengeli Değişken'!B$2:B$29,MATCH(LARGE('V_Dengeli Değişken'!$AD$2:$AD$29,ROW()-3),'V_Dengeli Değişken'!$AD$2:$AD$29,0)) -> Rota Portföy Birinci Değişken Fon | D13: =INDEX('V_Dengeli Değişken'!C$2:C$29,MATCH(LARGE('V_Dengeli Değişken'!$AD$2:$AD$29,ROW()-3),'V_Dengeli Değişken'!$AD$2:$AD$29,0)) -> Rota Portföy | E13: =INDEX('V_Dengeli Değişken'!D$2:D$29,MATCH(LARGE('V_Dengeli Değişken'!$AD$2:$AD$29,ROW()-3),'V_Dengeli Değişken'!$AD$2:$AD$29,0)) -> 0.02 | F13: =INDEX('V_Dengeli Değişken'!E$2:E$29,MATCH(LARGE('V_Dengeli Değişken'!$AD$2:$AD$29,ROW()-3),'V_Dengeli Değişken'!$AD$2:$AD$29,0)) -> 0.061684555 | G13: =INDEX('V_Dengeli Değişken'!F$2:F$29,MATCH(LARGE('V_Dengeli Değişken'!$AD$2:$AD$29,ROW()-3),'V_Dengeli Değişken'!$AD$2:$AD$29,0)) -> 0.14800378 | H13: =INDEX('V_Dengeli Değişken'!G$2:G$29,MATCH(LARGE('V_Dengeli Değişken'!$AD$2:$AD$29,ROW()-3),'V_Dengeli Değişken'!$AD$2:$AD$29,0)) -> 3.7105302 | I13: =INDEX('V_Dengeli Değişken'!H$2:H$29,MATCH(LARGE('V_Dengeli Değişken'!$AD$2:$AD$29,ROW()-3),'V_Dengeli Değişken'!$AD$2:$AD$29,0)) -> 2.5342167 | ... AC13: =INDEX('V_Dengeli Değişken'!AB$2:AB$29,MATCH(LARGE('V_Dengeli Değişken'!$AD$2:$AD$29,ROW()-3),'V_Dengeli Değişken'!$AD$2:$AD$29,0)) -> 1
A14: 11 | B14: =INDEX('V_Dengeli Değişken'!A$2:A$29,MATCH(LARGE('V_Dengeli Değişken'!$AD$2:$AD$29,ROW()-3),'V_Dengeli Değişken'!$AD$2:$AD$29,0)) -> SUA | C14: =INDEX('V_Dengeli Değişken'!B$2:B$29,MATCH(LARGE('V_Dengeli Değişken'!$AD$2:$AD$29,ROW()-3),'V_Dengeli Değişken'!$AD$2:$AD$29,0)) -> Ünlü Portföy Birinci Değişken Fon | D14: =INDEX('V_Dengeli Değişken'!C$2:C$29,MATCH(LARGE('V_Dengeli Değişken'!$AD$2:$AD$29,ROW()-3),'V_Dengeli Değişken'!$AD$2:$AD$29,0)) -> Ünlü Portföy | E14: =INDEX('V_Dengeli Değişken'!D$2:D$29,MATCH(LARGE('V_Dengeli Değişken'!$AD$2:$AD$29,ROW()-3),'V_Dengeli Değişken'!$AD$2:$AD$29,0)) -> 0.02 | F14: =INDEX('V_Dengeli Değişken'!E$2:E$29,MATCH(LARGE('V_Dengeli Değişken'!$AD$2:$AD$29,ROW()-3),'V_Dengeli Değişken'!$AD$2:$AD$29,0)) -> 0.041199809 | G14: =INDEX('V_Dengeli Değişken'!F$2:F$29,MATCH(LARGE('V_Dengeli Değişken'!$AD$2:$AD$29,ROW()-3),'V_Dengeli Değişken'!$AD$2:$AD$29,0)) -> 0.31414864 | H14: =INDEX('V_Dengeli Değişken'!G$2:G$29,MATCH(LARGE('V_Dengeli Değişken'!$AD$2:$AD$29,ROW()-3),'V_Dengeli Değişken'!$AD$2:$AD$29,0)) -> 2.6682452 | I14: =INDEX('V_Dengeli Değişken'!H$2:H$29,MATCH(LARGE('V_Dengeli Değişken'!$AD$2:$AD$29,ROW()-3),'V_Dengeli Değişken'!$AD$2:$AD$29,0)) -> 0.74469287 | ... AC14: =INDEX('V_Dengeli Değişken'!AB$2:AB$29,MATCH(LARGE('V_Dengeli Değişken'!$AD$2:$AD$29,ROW()-3),'V_Dengeli Değişken'!$AD$2:$AD$29,0)) -> 0.9392
